,Delivery_Contractor,Property_ID,Postcode_1,Participant_Age,EmployStatus,EmployType,HouseIncome,Date_Contact,Tenure,Tenure_Length,Social_Group,HP_Awareness,Reason_Sustainability,Sustainability_exp,Reason_Future,Future_exp,Reason_Upgrade,Upgrade_exp,Reason_Building,Building_exp,Reason_Financial,Financial_exp,Reason_Technology,Technology_exp,Reason_Research,Research_exp,Reason_Planned,Planned_exp,Reason_Replacement,Replacement_exp,Reason_Other,Other_exp,Date_Survey,Name_Survey,House_Type,House_Form,House_Env,House_Age,House_SAP,No_Adults,No_Child,No_Storeys,Total_Floor_Area,Habitable_Rooms,Bedrooms,Heated_rooms,Floor_Height,Wall_Type,Floor_Type,Roof_Type,Glazed_Type,Mains_Gas_Flag,Main_Fuel,Heat_Primary_Source,Heat_Secondary_Source,TS_Existing,TS_Existing_Size,No_Underfloor,Existing_Fires,Existing_Cooking,Outside_Space,Outside_Access,Elec_currentuse,Gas_currentuse,MCS_SHLoad,MCS_Hloss,MCS_SHAnnual,MCS_DHWAnnual,MCS_Immersion,MCS_Flow_Temp,MCS_SCOP,Suit_ASHP,Suit_GSHP,Suit_HTASHP,Suit_Hybrid,HP_Recommend,HP_NoRec_R1,HP_NoRec_R2,Measures_Recommend,EstCost_System,EstCost_Ancillary,EstCost_Running,EstCost_Etariff,EstCost_Gtariff,Part_Install_Decision,Part_No_Reason1,Part_No_Reason2,Date_Installation,Name_Install,HP_Installed,HP_Installed_Detail,HP_Brand,HP_Model,HP_Size_kW,HP_Refrigerant,GSHP_Space,TS_Type,TS_Water_Size,TS_PCM_Size,HP_Control_Zones,Measures_emitters_LT,Measures_emitters_Std,Measures_Fanassist,HP_Aesthetic,HP_Noise,Cooling,Cooling_Rooms,Fires_replaced,Cook_Replaced,Gas_disconnect,Measures_Loft,Measures_Windows,Measures_Doors,Measures_WI,Measures_DP,Cost_HP,Cost_TS,Cost_Install,Cost_Emitters,Cost_Cooling,Cost_LI,Cost_WI,Cost_Window,Cost_Door,Cost_DP,Install_time_HP,Install_time_measures,Comment
22,E.ON,EOH1838,NE7,63.0,Working Full time (>30hrs),Professional,"25,001 - 30,000",2020-07-10T00:00:00.000Z,Owner-Occupied,19.0,C1,1.0,NO,,NO,,YES,,NO,,YES,,NO,,NO,,NO,,NO,,NO,,13/10/2020,Phoenix,House,Detached,Urban,1930 - 1949,,2.0,0.0,2.0,200.0,6.0,4.0,13.0,2.7,Cavity_Insulated,Suspended,Pitched,Double,Yes,Gas,Gas Boiler - Standard,Fire - Gas,Water,150,0.0,2.0,1.0,No,No,2760.0,27600.0,15.91,79.55,31869.0,4254.0,0.0,,,Yes with additional measures,No,Yes with additional measures,Yes,Hybrid,,,None Required,12561.0,0.0,1473.0,14.3,3.8,No,Practical_DisruptionWorks,,,,,,,,,,,,,,,,,,,,,,,,,,,,,,,,,,,,,,,,,,
23,E.ON,EOH1604,NE3,38.0,Working Full time (>30hrs),Manager,"50,001+",2020-09-09T00:00:00.000Z,Owner-Occupied,0.9,AB,1.0,YES,,NO,,NO,,NO,,YES,,NO,,NO,,NO,,NO,,NO,,09/09/2020,Phoenix,House,Semi-Detached,Urban,1950 - 1966,,2.0,1.0,2.0,101.0,5.0,3.0,12.0,2.4,Cavity_Insulated,Suspended,Pitched,Double,Yes,Gas,Gas Boiler - Combi,None,None,,0.0,0.0,0.0,No,No,2312.0,13421.0,7.67,88.1,18587.5,4002.0,181.0,,,Yes,No,Yes,Yes,ASHP,,,None Required,13319.15,0.0,993.0,14.3,3.8,No,Practical_Aesthetics,,,,,,,,,,,,,,,,,,,,,,,,,,,,,,,,,,,,,,,,,,
39,E.ON,EOH0569,NE6,56.0,Working Full time (>30hrs),Professional,"40,001 - 50,000",2020-07-22T00:00:00.000Z,Owner-Occupied,25.0,AB,1.0,YES,,NO,,NO,,NO,,YES,,YES,,NO,,NO,,NO,,NO,,07/09/2020,Phoenix,House,Semi-Detached,Urban,1950 - 1966,,3.0,0.0,2.0,78.0,5.0,3.0,10.0,2.4,Cavity_Insulated,Solid,Pitched,Double,Yes,Gas,Gas Boiler - Standard,Fire - Gas,Water,180,0.0,1.0,1.0,No,No,5304.0,16142.0,5.86,84.0,14112.6,4002.0,181.0,,,Yes,No,Yes,Yes,ASHP,,,None Required,12394.97,0.0,797.0,14.3,3.8,No,Other,,,,,,,,,,,,,,,,,,,,,,,,,,,,,,,,,,,,,,,,,,
63,E.ON,EOH1703,NE15,70.0,Retired,Pensioner,Prefer not to say,2020-07-11T00:00:00.000Z,Owner-Occupied,32.0,DE,4.0,YES,,NO,,NO,,NO,,YES,,YES,,NO,,NO,,NO,,NO,,29/07/2020,E.ON,House,Detached,Urban,1976 - 1982,,2.0,0.0,2.0,91.0,6.0,4.0,11.0,2.4,Cavity_Insulated,Suspended,Pitched,Double,Yes,Gas,Gas Boiler - Standard,None,Water,117,0.0,0.0,0.0,No,No,4000.0,10000.0,5.744,64.057,12948.1,3734.0,551.0,45.0,3.57,Yes,No,No,No,ASHP,,,,10996.59,,703.0,14.37,3.8,Yes,,,30/09/2020,Aaron Services,ASHP,,Daikin,EDLQ07CAV3,7.0,R410A,,Water_new,180.0,,1.0,11.0,0.0,0.0,none,none,No,0.0,0.0,0.0,Yes,No,0.0,0.0,None,no,5648.01,1752.34,,1583.17,0.0,0.0,0.0,0.0,0.0,0.0,3.0,,
67,E.ON,EOH1081,NE7,47.0,Working Full time (>30hrs),Professional,"50,001+",2020-07-11T00:00:00.000Z,Owner-Occupied,8.0,AB,5.0,YES,,NO,,NO,,NO,,YES,,YES,,NO,,NO,,NO,,NO,,03/08/2020,E.ON,House,Semi-Detached,Suburban,1930 - 1949,,2.0,2.0,2.0,148.0,4.0,3.0,9.0,2.6,Cavity_No_insulation,Mix,Pitched,Double,Yes,Gas,Gas Boiler - Combi,None,None,,0.0,0.0,0.0,Yes - Ground Loop,Yes,3133.0,16666.0,8.58,75.2,17197.3,4182.0,616.0,,,No,No,Yes,No,None - Installation not recommended,Practical_Reinforcement,,None Required,16141.0,0.0,947.0,14.3,3.8,,,,,,,,,,,,,,,,,,,,,,,,,,,,,,,,,,,,,,,,,,,,
103,E.ON,EOH1122,NE5,62.0,Working Full time (>30hrs),Clerical,Prefer not to say,2020-07-16T00:00:00.000Z,Owner-Occupied,4.0,C2,3.0,NO,,NO,,NO,,NO,,YES,,NO,,NO,,NO,,NO,,NO,,13/08/2020,Phoenix,House,Semi-Detached,Urban,1930 - 1949,D,2.0,0.0,2.0,92.0,5.0,3.0,10.0,2.45,Cavity_Insulated,Suspended,Pitched,Double,Yes,Gas,Gas Boiler - Combi,None,None,,0.0,0.0,1.0,No,No,1600.0,11000.0,8.258,89.76,19995.0,4002.0,181.0,,,Yes,No,No,Yes,None - Installation not recommended,Practical_Noise,,None Required,13134.0,0.0,1043.0,14.3,3.8,,,,,,,,,,,,,,,,,,,,,,,,,,,,,,,,,,,,,,,,,,,,
195,E.ON,EOH2336,NE3,32.0,Working Full time (>30hrs),Professional,"50,001+",2020-08-04T00:00:00.000Z,Owner-Occupied,2.0,AB,1.0,YES,,NO,,NO,,NO,,NO,,YES,,NO,,NO,,NO,,NO,,21/09/2020,Phoenix,House,Semi-Detached,Suburban,1930 - 1949,,2.0,1.0,2.0,87.0,5.0,3.0,9.0,2.4,Cavity_Insulated,Suspended,Pitched,Double,Yes,Gas,Gas Boiler - Combi,Fire - Gas,None,,0.0,1.0,1.0,No,No,3071.0,17714.0,7.511,80.58,16522.0,4002.0,181.0,,,No,No,Yes,Yes,HT_ASHP,,,None Required,16881.99,0.0,892.0,14.3,3.8,No,Other,,,,,,,,,,,,,,,,,,,,,,,,,,,,,,,,,,,,,,,,,,
213,E.ON,EOH1482,NE3,44.0,Working Full time (>30hrs),Professional,"50,001+",2020-10-22T00:00:00.000Z,Owner-Occupied,4.0,AB,5.0,YES,,NO,,NO,,NO,,YES,,NO,,NO,,NO,,NO,,NO,,02/11/2020,Phoenix,House,Semi-Detached,Urban,1930 - 1949,D,2.0,2.0,2.0,126.0,7.0,5.0,10.0,2.4,Cavity_Insulated,Suspended,Pitched,Double,Yes,Gas,Gas Boiler - Combi,Fire - Gas,None,,0.0,1.0,1.0,No,No,4177.0,18541.0,10.613,84.23,21265.0,4457.0,0.0,,,Yes,No,Yes,Yes with additional measures,Hybrid,,,loft Insulation,12081.59,500.0,996.0,14.3,3.8,No,Practical_DisruptionWorks,,,,,,,,,,,,,,,,,,,,,,,,,,,,,,,,,,,,,,,,,,
214,E.ON,EOH1365,NE13,38.0,Working Full time (>30hrs),Professional,"50,001+",2020-08-12T00:00:00.000Z,Owner-Occupied,3.0,AB,5.0,YES,,NO,,NO,,NO,,NO,,YES,,NO,,NO,,NO,,NO,,25/09/2020,E.ON,House,Detached,Suburban,1967 - 1975,D,2.0,0.0,2.0,80.0,4.0,3.0,4.0,2.3,Cavity_Insulated,Suspended,Pitched,Double,Yes,Gas,Gas Boiler - Standard,Electric - Direct,Water,117,0.0,1.0,0.0,Yes - Ground Loop,Yes,2762.3,10781.0,7.68,98.96,18580.0,3820.0,0.0,45.0,3.77,Yes,No,Yes,Yes,ASHP,,,None Required,11628.15,,1111.0,14.3,3.8,Yes,,,07/05/2021,Energist,HT_ASHP,,Vaillant,VWL 55/6 A 230V S2,5.0,R290,,Water_new,200.0,,1.0,5.0,0.0,0.0,none,none,No,0.0,0.0,0.0,No,No,0.0,0.0,None,no,6523.74,1752.0,,2315.87,0.0,0.0,0.0,0.0,0.0,0.0,4.0,0.0,
240,E.ON,EOH1019,NE3,58.0,Unemployed,Professional,"20,001 - 25,000",2020-08-17T00:00:00.000Z,Owner-Occupied,25.0,DE,1.0,YES,,NO,,YES,,NO,,NO,,NO,,NO,,NO,,NO,,NO,,29/09/2020,Phoenix,House,Semi-Detached,Urban,1950 - 1966,,2.0,0.0,2.0,105.0,4.0,3.0,12.0,2.6,Cavity_No_insulation,Mix,Pitched,Double,Yes,Gas,Gas Boiler - Combi,None,None,,0.0,0.0,1.0,No,No,1891.0,10973.0,10.272,97.83,9508.9,3820.0,0.0,55.0,2.96,No,No,No,Yes,Hybrid,,,Barrier,10615.82,300.0,944.0,14.3,3.8,Yes,,,10/06/2021,Phoenix,Hybrid,Separate_New Boiler,Daikin,EHY2KOMB28AA,4.0,R32,,,,,1.0,12.0,0.0,0.0,none,barrier,No,0.0,0.0,0.0,No,No,0.0,0.0,None,no,5739.82,,,3240.82,0.0,0.0,0.0,0.0,0.0,0.0,2.5,0.0,
251,E.ON,EOH1533,NE3,35.0,Working Full time (>30hrs),Professional,"50,001+",2020-08-18T00:00:00.000Z,Owner-Occupied,3.0,AB,1.0,YES,,NO,,NO,,NO,,NO,,NO,,NO,,NO,,NO,,NO,,15/09/2020,Phoenix,House,Semi-Detached,Urban,1930 - 1949,,2.0,3.0,2.0,105.0,6.0,4.0,12.0,2.6,Cavity_No_insulation,Suspended,Pitched,Double,Yes,Gas,Gas Boiler - Standard,Fire - Gas,Water,120,0.0,1.0,1.0,No,No,3706.0,23051.0,16.502,135.58,15974.0,4776.0,0.0,,,No,No,No,Yes,Hybrid,,,None Required,10800.81,0.0,1553.0,14.3,3.8,No,Practical_DisruptionWorks,,,,,,,,,,,,,,,,,,,,,,,,,,,,,,,,,,,,,,,,,,
258,E.ON,EOH0574,NE3,71.0,Working Full time (>30hrs),Manager,"50,001+",2020-08-18T00:00:00.000Z,Owner-Occupied,1.0,AB,3.0,YES,,NO,,YES,,NO,,NO,,YES,,NO,,NO,,NO,,NO,,07/10/2020,Phoenix,House,Semi-Detached,Urban,1950 - 1966,,2.0,0.0,2.0,84.0,5.0,3.0,12.0,2.4,Cavity_Insulated,Solid,Pitched,Double,Yes,Gas,Gas Boiler - Standard,None,Water,100,0.0,1.0,1.0,No,No,663.0,15896.0,6.612,78.71,13245.0,3820.0,0.0,55.0,2.96,No,No,No,Yes,Hybrid,,,Barrier,11170.02,300.0,870.0,14.3,3.8,Yes,,,01/07/2021,Phoenix,Hybrid,Separate_New Boiler,Daikin,EHY2KOMB28AA,4.0,R32,,,,,1.0,12.0,0.0,0.0,none,barrier,No,0.0,0.0,0.0,No,No,0.0,0.0,None,no,5739.8,,,3240.82,0.0,0.0,0.0,0.0,0.0,0.0,3.0,0.0,
304,E.ON,EOH2114,NE5,71.0,Retired,Pensioner,"40,001 - 50,000",2020-08-24T00:00:00.000Z,Owner-Occupied,32.0,DE,3.0,NO,,NO,,NO,,NO,,NO,,YES,,NO,,NO,,NO,,NO,,25/09/2020,Phoenix,House,Detached,Suburban,1983 - 1990,,2.0,0.0,2.0,100.0,5.0,4.0,9.0,2.35,Cavity_Insulated,Suspended,Pitched,Double,Yes,Gas,Gas Boiler - Standard,None,Water,110,0.0,0.0,0.0,No,No,3487.0,13291.0,7.062,67.94,17105.0,4993.0,218.0,,,Yes,No,Yes,Yes,ASHP,,,None Required,13134.93,0.0,972.0,14.3,3.8,No,Other,,,,,,,,,,,,,,,,,,,,,,,,,,,,,,,,,,,,,,,,,,
313,E.ON,EOH2822,NE5,69.0,Retired,Pensioner,"30,001 - 40,000",2020-08-27T00:00:00.000Z,Owner-Occupied,0.9,DE,2.0,NO,,NO,,YES,,NO,,YES,,NO,,NO,,NO,,NO,,NO,,28/09/2020,Phoenix,House,Detached,Suburban,1967 - 1975,,2.0,0.0,2.0,127.42,6.0,4.0,11.0,2.3,Cavity_No_insulation,Suspended,Pitched,Double,Yes,Gas,Gas Boiler - Combi,Fire - Electric,None,,0.0,0.0,0.0,No,No,3839.0,19776.0,11.234,91.97,11530.0,4776.0,0.0,,,Yes,No,No,Yes,Hybrid,,,None Required,11342.4,0.0,1273.0,14.3,3.8,No,Other,,,,,,,,,,,,,,,,,,,,,,,,,,,,,,,,,,,,,,,,,,
318,E.ON,EOH2416,NE15,45.0,Working Full time (>30hrs),Professional,"30,001 - 40,000",2020-08-28T00:00:00.000Z,Owner-Occupied,8.0,AB,1.0,YES,,NO,,YES,,NO,,YES,,NO,,NO,,NO,,NO,,NO,,13/10/2020,Phoenix,House,Detached,Urban,1967 - 1975,E,2.0,2.0,2.0,102.0,4.0,3.0,8.0,2.4,Cavity_Insulated,Suspended,Pitched,Double,Yes,Gas,Gas Boiler - Combi,None,None,,0.0,0.0,0.0,No,No,2772.0,10584.0,6.562,89.38,15875.0,4002.0,181.0,45.0,3.57,Yes,No,Yes,Yes,ASHP,,,None Required,11863.76,,835.0,14.3,3.8,Yes,,,25/03/2021,Aaron Services,ASHP,,Daikin,EDLQ07CAV5,7.0,R410A,,Water_new,200.0,,1.0,9.0,0.0,0.0,none,none,No,0.0,0.0,0.0,No,No,0.0,0.0,None,no,5648.0,1752.0,,3053.0,0.0,0.0,0.0,0.0,0.0,0.0,3.0,0.0,
324,E.ON,EOH2179,NE5,55.0,Unemployed,Unemployed/Benefits,"12,501 - 16,200",2020-08-28T00:00:00.000Z,Owner-Occupied,42.0,DE,1.0,NO,,NO,,NO,,NO,,YES,,NO,,NO,,NO,,NO,,NO,,05/10/2020,Phoenix,House,Semi-Detached,Suburban,1950 - 1966,,2.0,0.0,2.0,94.0,5.0,3.0,11.0,2.4,Cavity_Insulated,Solid,Pitched,Double,Yes,Gas,Gas Boiler - Combi,None,None,,0.0,0.0,1.0,No,No,1617.0,7947.0,5.586,69.84,11237.3,4182.0,616.0,45.0,3.57,Yes,No,No,No,ASHP,,,,12989.76,,658.0,14.3,3.8,Yes,,,30/10/2020,Aaron Services,ASHP,,Daikin,EDLQ07CAV3,7.0,R410A,,Water_new,180.0,,1.0,9.0,9.0,0.0,none,none,No,0.0,0.0,0.0,No,No,0.0,0.0,None,no,5648.01,1752.34,,2685.85,0.0,0.0,0.0,0.0,0.0,0.0,2.0,,
337,E.ON,EOH2366,NE3,60.0,Working Full time (>30hrs),Professional,"40,001 - 50,000",2020-08-28T00:00:00.000Z,Owner-Occupied,24.0,AB,4.0,YES,,NO,,NO,,NO,,NO,,YES,,NO,,NO,,NO,,NO,,30/09/2020,Phoenix,House,Detached,Suburban,1930 - 1949,,4.0,0.0,2.0,131.14,6.0,4.0,11.0,2.6,Cavity_Insulated,Suspended,Pitched,Double,Yes,Gas,Gas Boiler - Standard,Fire - Gas,Water,150,0.0,1.0,1.0,No,No,1583.0,16944.0,10.29,78.54,20629.0,4993.0,218.0,55.0,3.54,Yes with additional measures,No,Yes,Yes,HT_ASHP,,,None Required,17251.0,,1112.0,14.3,3.8,Yes,,,11/10/2021,Phoenix,HT_ASHP,,Daikin,EPRA16DAV3,16.0,R32,,Water_new,300.0,,1.0,11.0,0.0,0.0,None,None,No,0.0,0.0,0.0,No,No,0.0,0.0,None,no,9687.81,1752.34,,3055.83,,0.0,0.0,0.0,0.0,0.0,4.0,,
342,E.ON,EOH2612,NE13,29.0,Working Full time (>30hrs),Professional,"50,001+",2020-09-07T00:00:00.000Z,Owner-Occupied,2.0,AB,4.0,YES,,NO,,NO,,NO,,NO,,YES,,NO,,NO,,NO,,NO,,15/10/2020,Phoenix,House,Detached,Suburban,2012 onwards,C,2.0,0.0,2.0,90.0,4.0,3.0,11.0,2.3,Cavity_Insulated,Solid,Pitched,Double,Yes,Gas,Gas Boiler - Combi,None,None,,0.0,0.0,1.0,No,Yes,2392.0,8609.0,6.14,68.28,6146.0,3196.0,1885.0,45.0,3.26,Yes,No,Yes,Yes,HT_ASHP,,,,13167.32,0.0,491.0,12.9,4.0,Yes,,,20/09/2021,Energist,HT_ASHP,,Vaillant,VWL 75/6 A 230V S2,7.0,R290,,Water_new,150.0,,1.0,8.0,0.0,0.0,None,None,No,0.0,0.0,0.0,No,No,0.0,0.0,None,no,5789.0,1701.71,,2500.86,0.0,0.0,0.0,0.0,0.0,0.0,4.0,,
360,E.ON,EOH1377,NE5,52.0,Working Full time (>30hrs),Professional,"50,001+",2020-09-14T00:00:00.000Z,Owner-Occupied,23.0,AB,1.0,NO,,NO,,YES,wants to get rid of gas warm air system,NO,,YES,Potential for bill savings,YES,,NO,,NO,,NO,,NO,,30/09/2020,Phoenix,House,End-Terrace,Suburban,1950 - 1966,,2.0,0.0,1.0,50.0,3.0,2.0,6.0,2.4,Cavity_No_insulation,Suspended,Pitched,Double,Yes,Gas,Gas - Warm Air,Fire - Electric,None,,0.0,0.0,0.0,No,No,4321.0,11200.0,3.941,78.79,9553.8,3136.0,461.0,46.0,3.61,Yes,No,No,No,ASHP,,,,12249.78,,532.0,14.3,3.8,Yes,,,30/10/2020,Aaron Services,ASHP,,Daikin,EDLQ07CAV3,7.0,R410A,,Water_new,150.0,,1.0,6.0,5.0,1.0,none,none,No,0.0,0.0,0.0,No,No,0.0,0.0,None,no,5648.01,1701.71,,3256.87,0.0,0.0,0.0,0.0,0.0,0.0,2.0,,
363,E.ON,EOH2048,NE3,74.0,Retired,Pensioner,"25,001 - 30,000",2020-09-14T00:00:00.000Z,Owner-Occupied,37.0,DE,4.0,YES,,NO,,NO,,NO,,NO,,YES,,NO,,NO,,NO,,NO,,28/09/2020,Phoenix,House,Mid-Terrace,Urban,1950 - 1966,,2.0,0.0,2.0,111.0,6.0,5.0,13.0,2.4,Cavity_Insulated,Suspended,Pitched,Double,Yes,Gas,Gas Boiler - Combi,None,None,,0.0,0.0,1.0,No,No,1418.0,10119.0,8.209,83.52,8571.0,5731.0,0.0,,,No,No,No,Yes,Hybrid,,,None Required,10245.84,0.0,995.0,14.3,3.8,No,Practical_SpaceExternal,,,,,,,,,,,,,,,,,,,,,,,,,,,,,,,,,,,,,,,,,,
387,E.ON,EOH0472,NE3,55.0,Working Full time (>30hrs),Manager,"50,001+",2020-09-17T00:00:00.000Z,Owner-Occupied,24.0,AB,4.0,YES,,NO,,NO,,NO,,NO,,NO,,NO,,NO,,NO,,NO,,03/11/2020,Phoenix,House,Detached,Urban,1983 - 1990,,2.0,0.0,2.0,110.0,5.0,4.0,6.0,2.4,Cavity_Insulated,Solid,Pitched,Double,Yes,Gas,Gas Boiler - Standard,Fire - Gas,Water,110,0.0,1.0,1.0,No,No,5711.0,17064.0,8.01,72.81,16040.5,5609.0,834.0,,,No,No,Yes,No,HT_ASHP,Programme_Cancelled,,None Required,17904.93,0.0,1099.0,14.3,3.8,Yes,,,,,,,,,,,,,,,,,,,,,,,,,,,,,,,,,,,,,,,,,,,
453,E.ON,EOH0018,NE15,85.0,Retired,Pensioner,"25,001 - 30,000",2020-10-12T00:00:00.000Z,Owner-Occupied,30.0,DE,4.0,NO,,NO,,YES,,NO,,NO,,YES,,NO,,NO,,NO,,NO,,09/11/2020,Phoenix,House,Detached,Suburban,1983 - 1990,,2.0,0.0,1.0,100.0,5.0,3.0,6.0,2.3,Cavity_Insulated,Suspended,Pitched,Double,Yes,Gas,Gas Boiler - Combi,None,None,,0.0,0.0,0.0,No,No,2492.0,7797.0,5.386,53.86,13051.0,3566.0,0.0,55.0,2.96,Yes,No,Yes,Yes with additional measures,Hybrid,,,Loft Insulation,9875.86,200.0,654.0,14.3,3.8,Yes,,,19/12/2020,Phoenix,Hybrid,Separate_New Boiler,Daikin,EHY2KOMB28AA,4.0,R32,,,,,1.0,8.0,0.0,0.0,none,none,No,0.0,0.0,0.0,No,Yes,0.0,0.0,None,no,5739.82,,,2500.86,0.0,500.0,0.0,0.0,0.0,0.0,2.0,0.5,
463,E.ON,EOH0257,NE15,62.0,Retired,Pensioner,"16,201 - 20,000",2020-10-14T00:00:00.000Z,Owner-Occupied,22.0,DE,2.0,NO,,NO,,YES,,NO,,NO,,YES,,NO,,NO,,NO,,NO,,03/11/2020,Phoenix,House,Detached,Unknown,1976 - 1982,,2.0,0.0,2.0,68.0,4.0,3.0,4.0,2.38,Cavity_Insulated,Suspended,Pitched,Double,Yes,Gas,Gas Boiler - Combi,Unknown,None,,0.0,0.0,1.0,No,No,3000.0,8500.0,6.34,91.86,14063.0,2692.0,145.0,45.0,3.57,Yes,No,Yes,Yes,ASHP,,,None Required,11678.78,,696.0,14.3,3.8,Yes,,,19/03/2021,Aaron Services,ASHP,,Daikin,EDLQ07CAV3,7.0,R410A,,Water_new,200.0,,1.0,8.0,0.0,0.0,none,none,No,0.0,0.0,0.0,No,No,0.0,0.0,None,no,5648.01,1752.34,,2500.86,0.0,0.0,0.0,0.0,0.0,0.0,4.0,0.0,
464,E.ON,EOH2927,NE15,80.0,Working Part time,Professional,"20,001 - 25,000",2020-10-14T00:00:00.000Z,Owner-Occupied,22.0,C1,3.0,YES,Have solar panels,NO,,NO,,NO,,YES,,NO,,NO,,NO,,NO,,NO,,27/10/2020,Phoenix,House,Detached,Suburban,1983 - 1990,C,2.0,0.0,1.0,70.0,4.0,2.0,10.0,2.1,Cavity_Insulated,Suspended,Pitched,Double,Yes,Gas,Gas Boiler - Standard,Fire - Wood,Water,110,0.0,0.0,1.0,No,No,1900.0,14900.0,6.516,82.7,15748.0,3372.0,506.0,,,Yes,No,Yes,Yes,ASHP,,,None Required,12417.96,0.0,918.0,14.3,3.8,No,Other,,,,,,,,,,,,,,,,,,,,,,,,,,,,,,,,,,,,,,,,,,
475,E.ON,EOH0236,NE15,27.0,Working Full time (>30hrs),Professional,"16,201 - 20,000",2020-10-16T00:00:00.000Z,Owner-Occupied,1.0,C1,4.0,YES,,NO,,NO,,NO,,YES,,YES,,NO,,NO,,NO,,NO,,12/11/2020,Phoenix,House,End-Terrace,Urban,1967 - 1975,D,2.0,1.0,2.0,61.0,3.0,2.0,5.0,2.3,Cavity_Insulated,Suspended,Pitched,Double,Yes,Gas,Gas Boiler - Combi,None,None,,0.0,0.0,0.0,No,No,2250.0,7700.0,4.55,84.87,11024.0,2674.0,0.0,55.0,2.96,No,No,No,Yes,Hybrid,,,None Required,9690.87,,547.0,14.3,3.8,Yes,,,15/01/2021,Phoenix,Hybrid,Separate_New Boiler,Daikin,EHY2KOMB28AA,4.0,R32,,,,,1.0,6.0,0.0,0.0,none,none,No,0.0,0.0,0.0,No,No,0.0,0.0,None,no,5739.82,,,2315.87,0.0,0.0,0.0,0.0,0.0,0.0,2.0,,
489,E.ON,EOH2403,NE20,62.0,Working Full time (>30hrs),Manager,"30,001 - 40,000",2021-01-15T00:00:00.000Z,Owner-Occupied,29.0,C1,5.0,NO,,NO,,YES,,NO,,NO,,YES,,NO,,NO,,NO,,NO,,26/02/2021,Phoenix,House,Mid-Terrace,Urban,1930 - 1949,,1.0,0.0,2.0,69.0,4.0,2.0,7.0,2.5,Cavity_Insulated,Mix,Pitched,Double,Yes,Gas,Gas Boiler - Combi,None,None,,0.0,0.0,1.0,No,No,1300.0,9000.0,6.29,91.17,15244.0,2636.0,0.0,53.0,2.99,No,No,No,Yes,Hybrid,,,None Required,10245.07,,958.0,14.0,4.0,Yes,,,16/04/2021,Phoenix,Hybrid,Separate_New Boiler,Daikin,EHY2KOMB28AA,4.0,R32,,,,,1.0,6.0,0.0,0.0,none,none,No,0.0,0.0,0.0,No,No,0.0,0.0,None,no,5739.8,,,2870.0,0.0,0.0,0.0,0.0,0.0,0.0,3.0,0.0,
496,E.ON,EOH2136,NE15,71.0,Retired,Pensioner,"16,201 - 20,000",2020-10-23T00:00:00.000Z,Owner-Occupied,34.0,DE,3.0,NO,,NO,,YES,,NO,,YES,,NO,,NO,,NO,,NO,,NO,,04/11/2020,Phoenix,House,Detached,Urban,1983 - 1990,,2.0,0.0,2.0,63.0,4.0,3.0,6.0,2.4,Cavity_Insulated,Suspended,Pitched,Double,Yes,Gas,Gas Boiler - Standard,Fire - Gas,Water,110,0.0,1.0,0.0,No,No,4272.0,21459.0,4.573,72.85,11086.0,4002.0,181.0,,,Yes,No,Yes,Yes,ASHP,,,None Required,11678.77,0.0,673.0,14.3,3.8,No,Practical_Noise,,,,,,,,,,,,,,,,,,,,,,,,,,,,,,,,,,,,,,,,,,
516,E.ON,EOH2326,NE7,67.0,Retired,Pensioner,"50,001+",2020-10-27T00:00:00.000Z,Owner-Occupied,28.0,DE,1.0,NO,,NO,,NO,,NO,,YES,Potential for bill savings,NO,,NO,,NO,,NO,,NO,,06/11/2020,Phoenix,House,Semi-Detached,Urban,1950 - 1966,F,5.0,0.0,2.0,110.0,5.0,3.0,8.0,2.5,Cavity_Insulated,Suspended,Pitched,Double,Yes,Gas,Gas Boiler - Combi,Fire - Gas,None,,0.0,2.0,1.0,No,No,9747.0,20067.0,9.416,85.0,18874.0,3566.0,0.0,,,No,No,No,Yes with additional measures,Hybrid,,,Loft insulation,10233.23,200.0,882.0,14.3,3.8,Yes,,,19/01/2021,Phoenix,Hybrid,Separate_New Boiler,Daikin,EHY2KOMB28AA,4.0,R32,,,,,6.0,9.0,0.0,0.0,none,none,No,0.0,0.0,0.0,No,Yes,0.0,0.0,None,no,5912.2,,,2685.85,0.0,500.0,0.0,0.0,0.0,0.0,2.0,0.5,
518,E.ON,EOH2005,NE13,37.0,Working Full time (>30hrs),Professional,"50,001+",2020-10-23T00:00:00.000Z,Owner-Occupied,8.0,AB,5.0,YES,,NO,,NO,,NO,,YES,Potential for bill savings,YES,,NO,,NO,,NO,,NO,,11/11/2020,Phoenix,House,Semi-Detached,Urban,1950 - 1966,,2.0,1.0,2.0,104.0,5.0,3.0,6.0,2.4,Cavity_Insulated,Suspended,Pitched,Double,Yes,Gas,Gas Boiler - Combi,None,None,,0.0,0.0,0.0,No,No,4565.0,16752.0,7.675,84.81,18594.7,3566.0,0.0,55.0,2.96,No,No,No,Yes,Hybrid,,,None Required,10060.85,,857.0,14.3,3.8,Yes,,,27/03/2021,Phoenix,Hybrid,Separate_New Boiler,Daikin,EHY2KOMB28AA,4.0,R32,,,,,1.0,9.0,0.0,0.0,none,none,No,0.0,0.0,0.0,No,Yes,0.0,0.0,None,no,5739.82,,,2686.0,0.0,0.0,0.0,0.0,0.0,0.0,3.5,0.0,
521,E.ON,EOH1628,NE7,32.0,Working Full time (>30hrs),Professional,"50,001+",2020-10-27T00:00:00.000Z,Owner-Occupied,1.0,AB,1.0,YES,,NO,,YES,,NO,,NO,,NO,,NO,,NO,,NO,,NO,,05/11/2020,Phoenix,House,Mid-Terrace,Urban,1900 - 1929,D,3.0,0.0,2.0,75.4,4.0,3.0,6.0,2.5,Cavity_Insulated,Solid,Pitched,Double,Yes,Gas,Gas Boiler - Combi,None,None,,0.0,0.0,1.0,No,No,1917.0,11402.0,4.62,70.52,9254.0,3820.0,0.0,45.0,3.07,No,No,No,Yes with additional measures,Hybrid,,,Loft Insulation,10060.0,500.0,487.0,14.3,3.8,Yes,,,13/01/2021,Phoenix,Hybrid,Separate_New Boiler,Daikin,EHY2KOMB28AA,4.0,R32,,,,,1.0,9.0,0.0,0.0,none,none,No,0.0,0.0,0.0,No,Yes,0.0,0.0,None,no,5739.82,,,3240.05,0.0,500.0,0.0,0.0,0.0,0.0,2.0,0.5,
523,E.ON,EOH1836,NE7,45.0,Working Full time (>30hrs),Professional,"50,001+",2020-10-26T00:00:00.000Z,Owner-Occupied,7.0,AB,3.0,NO,,NO,,YES,,NO,,YES,,YES,,NO,,NO,,NO,,NO,,04/11/2020,E.ON,House,Semi-Detached,Suburban,1930 - 1949,D,2.0,2.0,2.0,72.5,5.0,3.0,9.0,2.5,Cavity_Insulated,Suspended,Pitched,Double,Yes,Gas,Gas Boiler - Combi,None,None,,0.0,0.0,1.0,Yes - Ground Loop,Yes,3288.0,25593.0,7.496,103.39,15018.0,3566.0,0.0,,,No,No,No,Yes,Hybrid,,,None Required,11341.0,0.0,685.0,14.3,3.8,No,Other,,,,,,,,,,,,,,,,,,,,,,,,,,,,,,,,,,,,,,,,,,
528,E.ON,EOH1989,NE7,65.0,Working Full time (>30hrs),Semi and unskilled manual worker,"0 - 12,500",2020-11-02T00:00:00.000Z,Owner-Occupied,25.0,DE,3.0,NO,,NO,,YES,,NO,,YES,Potential for bill savings,NO,,NO,,NO,,NO,,NO,,12/11/2020,Phoenix,House,End-Terrace,Urban,1930 - 1949,E,2.0,1.0,2.0,131.0,5.0,3.0,8.0,2.4,Cavity_Insulated,Solid,Pitched,Double,Yes,Gas,Gas Boiler - Combi,Fire - Gas,None,,0.0,2.0,1.0,No,No,2390.0,18817.0,9.189,121.58,8919.0,3566.0,0.0,,,No,No,No,Yes,Hybrid,,,None Required,10060.85,0.0,844.0,14.3,3.8,No,Other,,,,,,,,,,,,,,,,,,,,,,,,,,,,,,,,,,,,,,,,,,
529,E.ON,EOH0712,NE6,68.0,Working Full time (>30hrs),Professional,"50,001+",2020-10-27T00:00:00.000Z,Owner-Occupied,23.0,AB,1.0,YES,,NO,,NO,,NO,,YES,Potential for bill savings,NO,,NO,,NO,,NO,,NO,,06/11/2020,E.ON,House,Semi-Detached,Suburban,1930 - 1949,E,3.0,0.0,2.0,95.0,5.0,4.0,10.0,2.4,Cavity_No_insulation,Suspended,Pitched,Double,Yes,Gas,Gas Boiler - Standard,None,Water,126,0.0,0.0,1.0,Yes - Ground Loop,Yes,6316.0,21187.0,9.618,82.37,19279.0,4062.0,598.0,,,Yes,No,Yes,Yes,ASHP,,,None Required,16556.52,0.0,1196.0,14.3,3.8,No,Other,,,,,,,,,,,,,,,,,,,,,,,,,,,,,,,,,,,,,,,,,,
550,E.ON,EOH1022,NE6,76.0,Working Full time (>30hrs),Professional,"50,001+",2020-10-29T00:00:00.000Z,Owner-Occupied,3.0,AB,3.0,YES,,NO,,NO,,NO,,NO,,NO,,NO,,NO,,NO,,NO,,10/11/2020,Phoenix,House,Semi-Detached,Urban,1950 - 1966,D,2.0,1.0,2.0,112.0,5.0,3.0,8.0,2.0,Solid_No_insulation,Suspended,Pitched,Double,Yes,Gas,Gas Boiler - Combi,Fire - Gas,None,,0.0,1.0,0.0,No,No,2350.0,14660.0,10.02,89.0,20070.0,3566.0,0.0,,,Yes,No,Yes,Yes,Hybrid,,,None Required,10430.83,,913.0,14.3,3.8,Yes,,,15/10/2021,E.ON SIME,Hybrid,Integrated,SIME,SIME MURELLE REVOLUTION,4.0,R410A,,,,,1.0,10.0,0.0,0.0,None,None,No,0.0,0.0,0.0,No,No,0.0,0.0,None,no,5200.0,,,5599.97,,0.0,0.0,0.0,0.0,0.0,3.0,,
551,E.ON,EOH0450,NE7,76.0,Retired,Pensioner,"16,201 - 20,000",2020-10-30T00:00:00.000Z,Owner-Occupied,25.0,DE,1.0,YES,,NO,,YES,,NO,,NO,,NO,,NO,,NO,,NO,,NO,,11/11/2020,Phoenix,House,Semi-Detached,Urban,1930 - 1949,,2.0,0.0,2.0,105.0,5.0,3.0,7.0,2.6,Cavity_Insulated,Suspended,Pitched,Double,Yes,Gas,Gas Boiler - Combi,Fire - Gas,None,,0.0,1.0,1.0,No,No,2562.0,16582.0,7.092,67.0,17043.0,3566.0,0.0,55.0,2.96,Yes,No,Yes,Yes,Hybrid,,,None Required,10060.08,,787.0,14.3,3.8,Yes,,,20/01/2021,Phoenix,Hybrid,Separate_New Boiler,Daikin,EHY2KOMB28AA,4.0,R32,,,,,4.0,8.0,0.0,0.0,none,none,No,0.0,0.0,0.0,No,No,0.0,0.0,None,no,5739.82,,,3239.28,0.0,0.0,0.0,0.0,0.0,0.0,2.0,,
560,E.ON,EOH2433,NE7,53.0,Working Full time (>30hrs),Professional,"50,001+",2020-10-29T00:00:00.000Z,Owner-Occupied,22.0,AB,5.0,NO,,NO,,NO,,NO,,NO,,YES,,NO,,NO,,NO,,NO,,20/11/2020,Phoenix,House,Semi-Detached,Urban,1930 - 1949,,3.0,0.0,2.0,90.0,5.0,3.0,8.0,2.6,Cavity_Insulated,Suspended,Pitched,Double,Yes,Gas,Gas Boiler - Combi,Fire - Gas,None,,0.0,1.0,1.0,No,No,4457.0,24712.0,7.25,81.46,17447.0,3820.0,0.0,,,Yes,No,No,Yes,Hybrid,,,planning permisson,10430.0,300.0,786.0,14.3,3.8,No,Other,,,,,,,,,,,,,,,,,,,,,,,,,,,,,,,,,,,,,,,,,,
561,E.ON,EOH0791,NE7,38.0,Working Full time (>30hrs),Manager,"50,001+",2020-10-29T00:00:00.000Z,Owner-Occupied,4.0,AB,1.0,YES,,NO,,YES,,NO,,YES,Potential for bill savings,NO,,NO,,NO,,NO,,NO,,10/11/2020,Phoenix,House,Semi-Detached,Urban,1950 - 1966,C,2.0,2.0,2.0,112.0,6.0,4.0,9.0,2.5,Cavity_Insulated,Solid,Pitched,Double,Yes,Gas,Gas Boiler - Standard,Fire - Wood,Water,110,0.0,0.0,1.0,No,No,4491.0,13084.0,8.53,86.25,17081.0,4457.0,0.0,55.0,2.96,Yes,No,No,Yes with additional measures,Hybrid,,,Loft Insulation,10245.0,700.0,827.0,14.3,3.8,Yes,,,10/12/2020,Phoenix,Hybrid,Separate_New Boiler,Daikin,EHY2KOMB28AA,4.0,R32,,,,,1.0,10.0,0.0,0.0,none,none,No,0.0,0.0,0.0,No,Yes,0.0,0.0,None,no,5739.82,,,2870.84,0.0,0.0,0.0,0.0,0.0,0.0,2.0,,
565,E.ON,EOH2737,NE7,47.0,Working Full time (>30hrs),Semi and unskilled manual worker,"30,001 - 40,000",2021-03-10T00:00:00.000Z,Owner-Occupied,4.0,DE,3.0,YES,,NO,,YES,,NO,,YES,potential for bill savings,NO,,NO,,NO,,NO,,NO,,18/03/2021,Phoenix,House,Semi-Detached,Urban,1930 - 1949,,2.0,2.0,2.0,109.0,6.0,3.0,7.0,2.5,Cavity_Insulated,Suspended,Pitched,Double,Yes,Gas,Gas Boiler - Combi,Fire - Gas,None,,0.0,2.0,1.0,No,No,2233.0,21570.0,8.051,83.36,16136.9,3566.0,0.0,,,No,No,No,Yes,Hybrid,,,None Required,11525.08,0.0,1064.0,14.3,3.8,No,Other,,,,,,,,,,,,,,,,,,,,,,,,,,,,,,,,,,,,,,,,,,
573,E.ON,EOH0197,NE6,53.0,Working Full time (>30hrs),Professional,"50,001+",2020-11-02T00:00:00.000Z,Owner-Occupied,24.0,AB,3.0,YES,,NO,,YES,,NO,,NO,,NO,,NO,,NO,,NO,,NO,,16/11/2020,Phoenix,House,Semi-Detached,Urban,1900 - 1929,,4.0,0.0,2.0,140.0,7.0,4.0,8.0,2.6,Cavity_Insulated,Suspended,Pitched,Double,Yes,Gas,Gas Boiler - Combi,Fire - Wood,None,,0.0,0.0,0.0,No,No,3649.0,26627.0,4.24,30.5,12509.0,4457.0,0.0,,,No,No,No,Yes,Hybrid,,,Loft Insulation,12006.74,500.0,608.0,14.3,3.8,No,Practical_DisruptionWorks,,,,,,,,,,,,,,,,,,,,,,,,,,,,,,,,,,,,,,,,,,
615,E.ON,EOH2012,NE7,54.0,Working Full time (>30hrs),Manager,"50,001+",2020-11-07T00:00:00.000Z,Owner-Occupied,23.0,AB,3.0,YES,,NO,,NO,,,,NO,,YES,Have solar panels,NO,,NO,,NO,,NO,,24/11/2020,Phoenix,House,Semi-Detached,Urban,1930 - 1949,,2.0,0.0,2.0,94.0,5.0,3.0,7.0,2.4,Cavity_Insulated,Solid,Pitched,Double,Yes,Gas,Gas Boiler - Combi,Fire - Gas,None,,1.0,1.0,1.0,No,No,2817.0,19572.0,6.916,72.8,16638.0,3820.0,0.0,,,No,No,No,Yes with additional measures,Hybrid,,,Loft Insulation,10430.0,500.0,796.0,14.3,3.8,Yes,,,21/01/2021,Phoenix,Hybrid,Separate_New Boiler,Daikin,EHY2KOMB28AA,4.0,R32,,,,,3.0,9.0,0.0,0.0,none,none,No,0.0,0.0,0.0,No,Yes,0.0,0.0,None,no,5739.82,,,3055.06,0.0,500.0,0.0,0.0,0.0,0.0,2.5,0.5,
616,E.ON,EOH0071,NE4,65.0,Retired,Pensioner,"0 - 12,500",2020-11-07T00:00:00.000Z,Rented (Private),21.0,DE,1.0,NO,,NO,,NO,,,,YES,Potential for bill savings,NO,,NO,,NO,,NO,,NO,,23/11/2020,Phoenix,House,Semi-Detached,Urban,1930 - 1949,,1.0,0.0,2.0,85.0,5.0,2.0,6.0,2.5,Cavity_No_insulation,Suspended,Pitched,Double,Yes,Gas,Gas Boiler - Combi,None,None,,0.0,0.0,1.0,No,No,1617.0,21110.0,10.61,126.13,9709.4,2674.0,0.0,,,No,No,No,Yes,Hybrid,,,Loft Insulation and Wall Insulation,10800.04,1500.0,364.0,14.3,3.8,No,Economic_MaintenanceCosts,,,,,,,,,,,,,,,,,,,,,,,,,,,,,,,,,,,,,,,,,,
649,E.ON,EOH2823,NE4,51.0,Working Full time (>30hrs),Professional,Prefer not to say,2020-11-10T00:00:00.000Z,Owner-Occupied,7.0,AB,1.0,YES,,NO,,NO,,NO,,NO,,YES,,NO,,NO,,NO,,NO,,27/11/2020,Phoenix,House,Semi-Detached,Urban,1930 - 1949,C,3.0,1.0,2.0,102.0,5.0,3.0,8.0,2.6,Cavity_Insulated,Suspended,Pitched,Double,Yes,Gas,Gas Boiler - Combi,None,None,,0.0,0.0,1.0,No,No,3017.0,13834.0,6.62,67.37,13321.0,4475.0,655.0,,,Yes,No,Yes,Yes,ASHP,,,Loft Insulation,11863.76,500.0,868.0,14.3,3.8,No,Other,,,,,,,,,,,,,,,,,,,,,,,,,,,,,,,,,,,,,,,,,,
652,E.ON,EOH0683,NE2,59.0,Working Full time (>30hrs),Professional,"40,001 - 50,000",2020-11-10T00:00:00.000Z,Owner-Occupied,24.0,AB,3.0,NO,,NO,,YES,,NO,,YES,Potential for bill savings,YES,,NO,,NO,,NO,,NO,,20/11/2020,Phoenix,House,Semi-Detached,Urban,1930 - 1949,,5.0,0.0,3.0,180.0,8.0,5.0,14.0,2.7,Cavity_Insulated,Suspended,Pitched,Double,Yes,Gas,Gas Boiler - Combi,None,None,,0.0,0.0,1.0,No,No,6895.0,42186.0,13.639,75.77,11135.9,5731.0,0.0,55.0,2.96,No,No,No,Yes with additional measures,Hybrid,,,Loft Insulation,12450.0,500.0,1331.0,14.3,3.8,Yes,,,03/02/2021,Phoenix,Hybrid,Separate_New Boiler,Daikin,EHY2KOMB28AA,4.0,R32,,,,,1.0,15.0,0.0,0.0,none,none,No,0.0,0.0,0.0,No,Yes,0.0,0.0,None,no,5912.2,,,4903.42,0.0,500.0,0.0,0.0,0.0,0.0,4.0,0.5,
655,E.ON,EOH0701,NE3,60.0,Unemployed,Unemployed/Benefits,"16,201 - 20,000",2020-11-11T00:00:00.000Z,Owner-Occupied,16.0,DE,4.0,NO,,NO,,NO,,NO,,NO,,YES,,NO,,NO,,NO,,NO,,30/11/2020,Phoenix,House,Mid-Terrace,Urban,1950 - 1966,,3.0,0.0,2.0,90.0,5.0,3.0,7.0,2.4,Solid_No_insulation,Solid,Pitched,Single,Yes,Gas,Gas Boiler - Combi,None,None,,0.0,0.0,0.0,No,No,3500.0,13800.0,11.49,121.18,11882.0,3820.0,0.0,,,No,No,No,Yes,Hybrid,,,None Required,10060.85,0.0,1264.0,14.3,3.8,No,Other,,,,,,,,,,,,,,,,,,,,,,,,,,,,,,,,,,,,,,,,,,
657,E.ON,EOH1973,NE3,54.0,Working Full time (>30hrs),Professional,"50,001+",2020-11-11T00:00:00.000Z,Owner-Occupied,9.0,AB,2.0,YES,,NO,,NO,,NO,,YES,Potential for bill savings,NO,,NO,,NO,,NO,,NO,,04/12/2020,Phoenix,House,Semi-Detached,Urban,1950 - 1966,D,2.0,2.0,2.0,111.0,6.0,4.0,10.0,2.5,Cavity_Insulated,Suspended,Pitched,Double,Yes,Gas,Gas Boiler - Combi,Fire - Wood,None,,0.0,0.0,1.0,No,No,6969.0,21834.0,8.94,78.76,17910.0,5594.0,818.0,,,No,No,Yes,Yes,HT_ASHP,,,Loft Insulation,18545.36,500.0,1219.0,14.3,3.8,No,Practical_DisruptionWorks,,,,,,,,,,,,,,,,,,,,,,,,,,,,,,,,,,,,,,,,,,
663,E.ON,EOH1664,NE3,58.0,Working Full time (>30hrs),Professional,"40,001 - 50,000",2020-11-11T00:00:00.000Z,Owner-Occupied,10.0,AB,4.0,NO,,NO,,NO,,NO,,YES,Potential for bill savings,YES,,NO,,NO,,NO,,NO,,01/12/2020,Phoenix,House,Semi-Detached,Urban,1930 - 1949,C,2.0,1.0,2.0,100.0,5.0,3.0,9.0,2.5,Cavity_Insulated,Solid,Pitched,Double,Yes,Gas,Gas Boiler - Combi,None,None,,0.0,0.0,1.0,No,No,3050.0,8760.0,7.921,79.21,15867.0,1910.0,0.0,55.0,2.96,No,No,No,Yes,Hybrid,,,None Required,10430.0,,678.0,14.3,3.8,Yes,,,03/02/2021,Phoenix,Hybrid,Separate_New Boiler,Daikin,EHY2KOMB28AA,4.0,R32,,,,,1.0,11.0,0.0,0.0,none,none,No,0.0,0.0,0.0,No,No,0.0,0.0,None,no,5739.82,,,3425.04,0.0,0.0,0.0,0.0,0.0,0.0,2.5,0.0,
664,E.ON,EOH2795,NE3,69.0,Working Part time,Professional,"20,001 - 25,000",2020-11-11T00:00:00.000Z,Owner-Occupied,10.0,C1,5.0,YES,,NO,,NO,,NO,,YES,Potential for bill savings,NO,,NO,,NO,,NO,,NO,,04/12/2020,Phoenix,House,Detached,Urban,1950 - 1966,,2.0,0.0,2.0,130.0,6.0,4.0,7.0,2.5,Cavity_Insulated,Solid,Pitched,Double,Yes,Gas,Gas Boiler - Combi,Fire - Wood,None,,0.0,0.0,1.0,No,No,3805.0,16517.0,9.97,86.61,19992.0,5594.0,818.0,,,No,No,Yes,Yes,HT_ASHP,,,None Required,18360.37,0.0,1240.0,14.3,3.8,No,Other,,,,,,,,,,,,,,,,,,,,,,,,,,,,,,,,,,,,,,,,,,
666,E.ON,EOH0563,NE3,67.0,Retired,Pensioner,"25,001 - 30,000",2020-11-11T00:00:00.000Z,Owner-Occupied,35.0,DE,1.0,NO,,NO,,NO,,NO,,NO,,YES,,NO,,NO,,NO,,NO,,03/12/2020,Phoenix,House,Detached,Urban,1967 - 1975,,1.0,0.0,2.0,123.0,8.0,4.0,11.0,2.4,Cavity_Insulated,Mix,Pitched,Double,Yes,Gas,Gas Boiler - Combi,Fire - Gas,None,,0.0,1.0,0.0,No,No,3766.0,12000.0,8.91,73.6,8234.0,4776.0,0.0,,,Yes,No,Yes,Yes,Hybrid,,,None Required,10430.83,0.0,1053.0,14.3,3.8,No,Practical_DisruptionWorks,,,,,,,,,,,,,,,,,,,,,,,,,,,,,,,,,,,,,,,,,,
667,E.ON,EOH0699,NE5,74.0,Retired,Pensioner,"12,501 - 16,200",2020-11-11T00:00:00.000Z,Owner-Occupied,22.0,DE,5.0,YES,,NO,,NO,,NO,,NO,,NO,,NO,,NO,,NO,,NO,,01/12/2020,Phoenix,House,Semi-Detached,Urban,1983 - 1990,,1.0,0.0,1.0,56.0,4.0,2.0,6.0,2.4,Cavity_Insulated,Solid,Pitched,Double,Yes,Gas,Gas Boiler - Combi,None,None,,0.0,0.0,0.0,No,No,4000.0,17000.0,6.016,83.79,14582.0,1910.0,0.0,55.0,2.96,No,No,No,Yes,Hybrid,,,None Required,9875.86,,641.0,14.3,3.8,Yes,,,25/02/2021,Phoenix,Hybrid,Separate_New Boiler,Daikin,EHY2KOMB28AA,4.0,R32,,,,,1.0,8.0,0.0,0.0,none,none,No,0.0,0.0,0.0,No,Yes,0.0,0.0,None,no,5789.82,,,2500.86,0.0,500.0,0.0,0.0,0.0,0.0,2.5,0.5,
669,E.ON,EOH1970,NE5,41.0,Working Full time (>30hrs),Professional,"50,001+",2020-11-12T00:00:00.000Z,Owner-Occupied,3.0,AB,5.0,YES,,NO,,NO,,NO,,YES,Potential for bill savings,YES,,NO,,NO,,NO,,NO,,02/12/2020,Phoenix,House,Semi-Detached,Urban,1950 - 1966,D,2.0,2.0,2.0,90.0,5.0,3.0,7.0,2.5,Cavity_Insulated,Solid,Pitched,Double,Yes,Gas,Gas Boiler - Combi,Fire - Gas,None,,0.0,1.0,1.0,No,No,3368.0,15907.0,5.48,60.88,7270.1,1910.0,0.0,55.0,2.96,No,No,No,Yes with additional measures,Hybrid,,,Loft Insulation,10060.85,500.0,586.0,14.0,4.0,Yes,,,30/04/2021,Phoenix,Hybrid,Separate_New Boiler,Daikin,EHY2KOMB28AA,4.0,R32,,,,,1.0,9.0,0.0,0.0,none,none,No,0.0,1.0,0.0,No,Yes,0.0,0.0,None,no,5739.82,,,2685.85,0.0,500.0,0.0,0.0,0.0,0.0,3.0,0.0,
672,E.ON,EOH1708,NE13,54.0,Working Full time (>30hrs),Skilled Manual Worker,"20,001 - 25,000",2020-11-12T00:00:00.000Z,Owner-Occupied,18.0,C2,2.0,NO,,NO,,NO,,NO,,NO,,YES,,NO,,NO,,NO,,NO,,11/01/2021,Phoenix,House,Semi-Detached,Urban,1950 - 1966,C,2.0,2.0,2.0,85.0,5.0,3.0,8.0,2.4,Cavity_Insulated,Solid,Pitched,Double,Yes,Gas,Gas Boiler - Combi,None,None,,0.0,0.0,1.0,No,No,3497.0,15521.0,4.404,51.81,10673.0,3311.0,0.0,55.0,2.96,No,No,No,Yes with additional measures,Hybrid,,,Loft Insulation,9875.86,300.0,559.0,14.3,3.8,Yes,,,19/02/2021,Phoenix,Hybrid,Separate_New Boiler,Daikin,EHY2KOMB28AA,4.0,R32,,,,,1.0,8.0,0.0,0.0,none,none,No,0.0,0.0,0.0,No,Yes,0.0,0.0,None,no,5739.82,,,2500.86,0.0,500.0,0.0,0.0,0.0,0.0,2.5,0.5,
673,E.ON,EOH3158,NE3,57.0,Working Full time (>30hrs),Manager,"40,001 - 50,000",2020-11-12T00:00:00.000Z,Owner-Occupied,15.0,AB,3.0,YES,,NO,,YES,Been looking into heat pumps,NO,,NO,,NO,,NO,,NO,,NO,,NO,,02/12/2020,Phoenix,House,Detached,Urban,1983 - 1990,,2.0,1.0,2.0,153.0,8.0,5.0,9.0,2.4,Cavity_Insulated,Suspended,Pitched,Double,Yes,Gas,Gas Boiler - Standard,Fire - Gas,Water,110,0.0,1.0,1.0,No,No,3159.0,33524.0,9.396,76.44,18816.8,6183.0,911.0,49.0,3.15,Yes with additional measures,No,Yes,No,ASHP,,,Loft Insulation,15633.11,300.0,1322.0,14.3,3.8,Yes,,,12/05/2021,Aaron Services,ASHP,,Daikin,EDLQ014CAV3,14.0,R410A,,Water_new,300.0,,1.0,14.0,0.0,0.0,none,none,No,0.0,0.0,0.0,No,Yes,0.0,0.0,None,no,9047.0,1752.0,,4349.22,0.0,500.0,0.0,0.0,0.0,0.0,3.0,0.5,
686,E.ON,EOH2622,NE3,72.0,Working Full time (>30hrs),Professional,Prefer not to say,2020-11-16T00:00:00.000Z,Owner-Occupied,28.0,C1,1.0,YES,,NO,,NO,,NO,,NO,,YES,has solar panels,NO,,NO,,NO,,NO,,07/12/2020,Phoenix,House,Semi-Detached,Urban,1930 - 1949,D,2.0,0.0,2.0,131.0,7.0,4.0,9.0,2.7,Cavity_Insulated,Suspended,Pitched,Double,Yes,Gas,Gas Boiler - Standard,Fire - Gas,Water,110,0.0,1.0,1.0,No,No,3900.0,35191.0,8.762,84.31,17563.0,4776.0,0.0,55.0,2.96,No,No,No,Yes,Hybrid,,,None Required,10615.05,,859.0,14.3,3.8,Yes,,,01/04/2021,Phoenix,Hybrid,Separate_New Boiler,Daikin,EHY2KOMB28AA,4.0,R32,,,,,1.0,10.0,0.0,0.0,none,none,No,0.0,0.0,0.0,No,No,0.0,0.0,None,no,5739.82,,,3240.0,0.0,0.0,0.0,0.0,0.0,0.0,3.0,0.0,
695,E.ON,EOH2991,NE4,77.0,Retired,Pensioner,"16,201 - 20,000",2020-11-18T00:00:00.000Z,Owner-Occupied,1.0,DE,2.0,NO,,NO,,YES,,NO,,YES,grant,NO,,NO,,NO,,NO,,NO,,08/12/2020,Phoenix,House,Semi-Detached,Urban,1930 - 1949,E,3.0,0.0,2.0,88.0,5.0,3.0,8.0,2.5,Cavity_Insulated,Suspended,Pitched,Double,Yes,Gas,Gas Boiler - Combi,Fire - Electric,None,,0.0,0.0,1.0,No,No,1500.0,13400.0,6.768,87.19,13610.0,3820.0,0.0,55.0,2.96,No,No,No,Yes,Hybrid,,,None Required,10447.65,,671.0,14.3,3.8,Yes,,,12/02/2021,Phoenix,Hybrid,Separate_New Boiler,Daikin,EHY2KOMB28AA,4.0,R32,,,,,1.0,7.0,0.0,1.0,none,none,No,0.0,0.0,0.0,No,No,0.0,0.0,None,no,5739.82,,,3072.65,0.0,0.0,0.0,0.0,0.0,0.0,2.5,0.0,
699,E.ON,EOH3055,NE13,67.0,Retired,Pensioner,"16,201 - 20,000",2020-11-23T00:00:00.000Z,Owner-Occupied,46.0,DE,4.0,NO,,NO,,YES,,NO,,YES,potential for bill savings,YES,,NO,,NO,,NO,,NO,,08/12/2020,Phoenix,House,Semi-Detached,Urban,1950 - 1966,,2.0,0.0,2.0,90.0,5.0,3.0,7.0,2.5,Cavity_Insulated,Solid,Pitched,Double,Yes,Gas,Gas Boiler - Combi,Fire - Electric,None,,0.0,0.0,1.0,No,No,3785.0,11382.0,5.029,55.87,12182.0,4475.0,655.0,45.0,3.57,Yes,No,Yes,Yes,ASHP,,,None Required,12602.0,,757.0,14.3,3.8,Yes,,,25/03/2021,Aaron Services,ASHP,,Daikin,EDLQ07CAV6,7.0,R410A,,Water_new,200.0,,1.0,9.0,0.0,0.0,none,none,No,0.0,0.0,0.0,No,No,0.0,0.0,None,no,5648.0,1752.0,,3424.0,0.0,0.0,0.0,0.0,0.0,0.0,3.0,0.0,
702,E.ON,EOH2852,NE15,62.0,Unemployed,Unemployed/Benefits,"0 - 12,500",2020-11-23T00:00:00.000Z,Owner-Occupied,20.0,DE,4.0,YES,,NO,,NO,,NO,,YES,potential for bill savings,NO,,NO,,NO,,NO,,NO,,10/12/2020,Phoenix,House,Detached,Urban,1950 - 1966,,3.0,0.0,2.0,130.0,4.0,3.0,7.0,2.4,Cavity_Insulated,Solid,Pitched,Double,Yes,Gas,Gas Boiler - Combi,None,None,,0.0,0.0,1.0,No,No,2497.0,15320.0,7.683,59.1,18615.0,4776.0,0.0,55.0,2.96,No,No,No,Yes,Hybrid,,,None Required,10985.0,,906.0,14.3,3.8,Yes,,,29/01/2021,Phoenix,Hybrid,Separate_New Boiler,Daikin,EHY2KOMB28AA,4.0,R32,,,,,1.0,12.0,0.0,0.0,none,none,No,0.0,0.0,0.0,No,No,0.0,0.0,None,no,5739.82,,,3610.03,0.0,0.0,0.0,0.0,0.0,0.0,2.5,0.0,
704,E.ON,EOH1965,NE3,32.0,Working Full time (>30hrs),Professional,"40,001 - 50,000",2020-11-25T00:00:00.000Z,Owner-Occupied,0.9,AB,5.0,NO,,NO,,YES,,NO,,NO,,YES,,NO,,NO,,NO,,NO,,18/12/2020,Phoenix,House,Semi-Detached,Urban,1930 - 1949,D,2.0,0.0,2.0,142.0,8.0,5.0,10.0,2.6,Cavity_Insulated,Suspended,Pitched,Double,Yes,Gas,Gas Boiler - Combi,Fire - Gas,None,,0.0,2.0,1.0,No,No,6247.0,18683.0,10.032,70.64,20108.5,6713.0,982.0,62.0,3.09,No,No,Yes,No,HT_ASHP,,,None Required,17805.4,,1433.0,14.3,3.8,Yes,,,20/09/2021,Phoenix,HT_ASHP,,Daikin,EPRA16DAV3,16.0,R32,,water_new,300.0,,1.0,10.0,0.0,0.0,None,None,No,0.0,0.0,0.0,No,No,0.0,0.0,None,no,9687.81,1752.34,,3609.26,,0.0,0.0,0.0,0.0,0.0,3.0,,
718,E.ON,EOH1260,NE5,34.0,Working Full time (>30hrs),Professional,"50,001+",2020-11-26T00:00:00.000Z,Owner-Occupied,0.9,AB,1.0,YES,,NO,,NO,,NO,,YES,potential for bill savings,YES,,NO,,NO,,NO,,NO,,15/12/2020,Phoenix,House,Semi-Detached,Urban,1930 - 1949,C,2.0,2.0,3.0,131.0,5.0,3.0,8.0,2.6,Cavity_Insulated,Suspended,Pitched,Double,Yes,Gas,Gas Boiler - Combi,None,None,,0.0,0.0,0.0,No,No,1860.0,13252.0,7.782,65.79,18863.0,3566.0,0.0,52.0,3.0,No,No,No,Yes,Hybrid,,,None Required,10060.85,,852.0,14.3,3.8,Yes,,,24/02/2021,Phoenix,Hybrid,Separate_New Boiler,Daikin,EHY2KOMB28AA,4.0,R32,,,,,1.0,9.0,0.0,0.0,none,none,No,0.0,0.0,0.0,No,No,0.0,0.0,None,no,5789.82,,,2685.85,0.0,0.0,0.0,0.0,0.0,0.0,2.5,0.0,
721,E.ON,EOH2334,NE6,47.0,Working Part time,Professional,"50,001+",2020-11-26T00:00:00.000Z,Owner-Occupied,5.0,C1,5.0,YES,,NO,,NO,,NO,,NO,,YES,,NO,,NO,,NO,,NO,,17/12/2020,Phoenix,House,Semi-Detached,Urban,1900 - 1929,,2.0,2.0,2.0,108.0,5.0,3.0,8.0,2.7,Cavity_Insulated,Suspended,Pitched,Double,Yes,Gas,Gas Boiler - Combi,Fire - Gas,None,,0.0,1.0,1.0,No,No,2497.0,17667.0,7.173,66.42,14361.8,4994.0,0.0,55.0,3.46,No,No,Yes,No,HT_ASHP,,,None Required,17196.43,,870.0,14.3,3.8,Yes,,,26/08/2021,Phoenix,HT_ASHP,,Daikin,EPRA14DAV3,14.0,R32,,PCM_New,,9.0,1.0,10.0,0.0,0.0,None,None,No,0.0,0.0,0.0,No,No,0.0,0.0,None,no,9047.38,3500.65,,2870.84,,0.0,0.0,0.0,0.0,0.0,3.0,,
722,E.ON,EOH1414,NE3,42.0,Working Full time (>30hrs),Professional,"50,001+",2020-11-25T00:00:00.000Z,Owner-Occupied,1.0,AB,5.0,YES,,NO,,NO,,NO,,NO,,YES,,NO,,NO,,NO,,NO,,14/12/2020,Phoenix,House,Semi-Detached,Urban,1930 - 1949,D,2.0,1.0,2.0,86.0,5.0,3.0,8.0,2.5,Cavity_Insulated,Suspended,Pitched,Double,Yes,Gas,Gas Boiler - Combi,Fire - Wood,None,,0.0,0.0,1.0,No,No,2865.0,8413.0,6.106,71.0,12242.5,3820.0,0.0,,,No,No,No,Yes,Hybrid,,,None Required,10799.27,,645.0,14.3,3.8,Yes,,,11/03/2021,Phoenix,Hybrid,Separate_New Boiler,Daikin,EHY2KOMB28AA,4.0,R32,,,,,1.0,8.0,0.0,0.0,none,none,No,0.0,0.0,0.0,No,No,0.0,0.0,None,no,5739.82,,,3424.27,0.0,0.0,0.0,0.0,0.0,0.0,3.0,0.0,
735,E.ON,EOH0406,NE3,49.0,Working Full time (>30hrs),Professional,"50,001+",2020-11-30T00:00:00.000Z,Owner-Occupied,4.0,AB,3.0,YES,,NO,,YES,,NO,,NO,,NO,,NO,,NO,,NO,,NO,,17/12/2020,Phoenix,House,Detached,Urban,2003 - 2006,,2.0,1.0,2.0,120.0,7.0,4.0,12.0,2.5,Cavity_Insulated,Solid,Pitched,Double,Yes,Gas,Gas Boiler - Combi,None,None,,0.0,0.0,1.0,No,No,3500.0,16810.0,8.308,69.23,20125.0,5594.0,818.0,,,No,No,Yes,Yes,None - Installation not recommended,Practical_AdditionalMeasures,,None Required,17251.0,0.0,1260.0,14.3,3.8,,,,,,,,,,,,,,,,,,,,,,,,,,,,,,,,,,,,,,,,,,,,
740,E.ON,EOH3141,NE3,50.0,Working Full time (>30hrs),Skilled Manual Worker,"30,001 - 40,000",2020-11-30T00:00:00.000Z,Owner-Occupied,3.0,DE,1.0,YES,,NO,,NO,,NO,,NO,,NO,,NO,,NO,,NO,,NO,,16/12/2020,Phoenix,House,Semi-Detached,Urban,1950 - 1966,D,2.0,1.0,1.0,76.0,4.0,3.0,7.0,2.3,Cavity_Insulated,Solid,Flat,Double,Yes,Gas,Gas Boiler - Combi,None,None,,0.0,0.0,0.0,No,No,5265.0,10163.0,8.208,108.0,19897.0,3566.0,0.0,54.0,2.97,No,No,No,Yes,Hybrid,,,None Required,10233.0,,904.0,14.3,3.8,Yes,,,17/02/2021,Phoenix,Hybrid,Separate_New Boiler,Daikin,EHY2KOMB32AA,4.0,R32,,,,,1.0,9.0,0.0,0.0,none,none,No,0.0,0.0,0.0,No,No,0.0,0.0,None,no,5912.2,,,2685.85,0.0,0.0,0.0,0.0,0.0,0.0,2.5,0.0,
742,E.ON,EOH1559,NE5,40.0,Working Full time (>30hrs),Professional,"30,001 - 40,000",2020-12-04T00:00:00.000Z,Owner-Occupied,8.0,AB,3.0,NO,,NO,,YES,,NO,,NO,,YES,,NO,,NO,,NO,,NO,,12/01/2021,Phoenix,House,Semi-Detached,Urban,1983 - 1990,D,1.0,0.0,2.0,45.0,3.0,1.0,5.0,2.3,Cavity_Insulated,Solid,Pitched,Double,Yes,Gas,Gas Boiler - Combi,None,None,,0.0,0.0,0.0,No,No,2800.0,8000.0,3.01,81.89,4775.0,1757.0,0.0,,,No,No,No,Yes,Hybrid,,,None Required,9690.87,0.0,364.0,14.3,3.8,No,Practical_DisruptionWorks,,,,,,,,,,,,,,,,,,,,,,,,,,,,,,,,,,,,,,,,,,
765,E.ON,EOH2931,NE5,27.0,Working Full time (>30hrs),Clerical,"20,001 - 25,000",2020-12-04T00:00:00.000Z,Owner-Occupied,0.9,C1,1.0,YES,,NO,,NO,,NO,,YES,grant/free,YES,,NO,,NO,,NO,,NO,,22/12/2020,Phoenix,House,Semi-Detached,Urban,1930 - 1949,C,2.0,0.0,2.0,122.0,5.0,3.0,6.0,2.4,Cavity_Insulated,Solid,Pitched,Double,Yes,Gas,Gas Boiler - Combi,None,None,,0.0,0.0,1.0,No,No,2900.0,12000.0,6.257,79.52,15161.2,3515.0,0.0,55.0,2.96,No,No,No,Yes,Hybrid,,,None Required,10615.05,,726.0,14.3,3.8,Yes,,,17/03/2021,Phoenix,Hybrid,Separate_New Boiler,Daikin,EHY2KOMB28AA,4.0,R32,,,,,1.0,10.0,0.0,0.0,none,none,No,0.0,0.0,0.0,No,No,0.0,0.0,None,no,5739.82,,,3240.05,0.0,0.0,0.0,0.0,0.0,0.0,3.0,0.0,
780,E.ON,EOH0494,NE3,53.0,Working Full time (>30hrs),Supervisor,"50,001+",2020-12-08T00:00:00.000Z,Owner-Occupied,19.0,C1,5.0,YES,,NO,,NO,,NO,,NO,,YES,,NO,,NO,,NO,,NO,,23/12/2020,Phoenix,House,Semi-Detached,Urban,1967 - 1975,,2.0,2.0,2.0,80.0,5.0,3.0,7.0,2.3,Cavity_Insulated,Solid,Pitched,Double,Yes,Gas,Gas Boiler - Combi,None,None,,0.0,0.0,0.0,No,No,5936.0,9369.0,4.7,58.71,11376.1,4122.0,607.0,45.0,3.57,Yes with additional measures,No,Yes,No,ASHP,,,Loft Insulation,12047.98,500.0,760.0,14.0,4.0,Yes,,,27/04/2021,Aaron Services,ASHP,,Daikin,EDLQ07CAV8,7.0,R410A,,Water_new,200.0,,1.0,8.0,0.0,0.0,none,none,No,0.0,0.0,0.0,No,Yes,0.0,0.0,None,no,5648.01,1752.0,,2870.07,0.0,500.0,0.0,0.0,0.0,0.0,3.0,0.0,
790,E.ON,EOH2022,NE5,30.0,Working Full time (>30hrs),Professional,"50,001+",2020-12-11T00:00:00.000Z,Owner-Occupied,4.0,C1,2.0,NO,,NO,,YES,,NO,,NO,,YES,,NO,,NO,,NO,,NO,,05/01/2021,Phoenix,House,Semi-Detached,Urban,1967 - 1975,D,2.0,0.0,2.0,88.0,4.0,3.0,6.0,2.4,Cavity_Insulated,Suspended,Pitched,Double,Yes,Gas,Gas Boiler - Combi,None,None,,0.0,0.0,0.0,No,No,3186.0,20404.0,5.749,65.33,16712.6,3311.0,0.0,55.0,2.96,No,No,No,Yes,Hybrid,,,None Required,10971.65,,771.0,14.3,3.8,Yes,,,10/03/2021,Phoenix,Hybrid,Separate_New Boiler,Daikin,EHY2KOMB32AA,4.0,R32,,,,,1.0,9.0,0.0,0.0,none,none,No,0.0,0.0,0.0,No,No,0.0,0.0,None,no,5912.2,,,3424.27,0.0,0.0,0.0,0.0,0.0,0.0,3.0,0.0,
799,E.ON,EOH2982,NE3,30.0,Working Full time (>30hrs),Professional,"50,001+",2020-12-10T00:00:00.000Z,Owner-Occupied,6.0,AB,4.0,NO,,NO,,YES,,NO,,NO,,YES,,NO,,NO,,NO,,NO,,06/01/2021,Phoenix,House,Semi-Detached,Urban,1967 - 1975,D,2.0,2.0,2.0,92.0,5.0,3.0,7.0,2.5,Cavity_Insulated,Suspended,Pitched,Double,Yes,Gas,Gas Boiler - Combi,Fire - Gas,None,,0.0,1.0,0.0,No,No,2520.0,11481.0,5.956,64.74,11934.0,4737.0,917.0,48.0,3.44,Yes,No,Yes,No,ASHP,,,None Required,12232.98,,828.0,14.3,3.8,Yes,,,07/05/2021,Phoenix,ASHP,,Daikin,EDLQ07CAV8,7.0,R410A,,Water_new,200.0,,1.0,9.0,0.0,0.0,none,none,No,0.0,0.0,0.0,No,No,0.0,0.0,None,no,5628.01,1752.0,,3055.06,0.0,0.0,0.0,0.0,0.0,0.0,2.5,0.0,
807,E.ON,EOH0567,NE7,42.0,Working Full time (>30hrs),Professional,"50,001+",2020-12-09T00:00:00.000Z,Owner-Occupied,10.0,AB,5.0,YES,,NO,,NO,,NO,,NO,,NO,,NO,,NO,,NO,,NO,,05/02/2021,Phoenix,House,Semi-Detached,Urban,1950 - 1966,D,2.0,3.0,2.0,91.0,5.0,3.0,8.0,2.4,Cavity_Insulated,Solid,Pitched,Double,Yes,Gas,Gas Boiler - Combi,None,None,,0.0,0.0,1.0,No,No,4000.0,10000.0,5.172,68.0,10353.1,4002.0,181.0,48.0,3.44,Yes,No,Yes,Yes,ASHP,,,None Required,12602.18,,630.0,14.3,3.8,Yes,,,21/04/2021,Aaron Services,ASHP,,Daikin,EDLQ07CAV7,7.0,R410A,,Water_new,250.0,,1.0,9.0,0.0,0.0,none,none,No,0.0,1.0,0.0,No,No,0.0,0.0,None,no,5648.0,1752.34,,3424.0,0.0,0.0,0.0,0.0,0.0,0.0,3.0,0.5,
812,E.ON,EOH1659,NE15,49.0,Working Full time (>30hrs),Manager,"40,001 - 50,000",2020-12-11T00:00:00.000Z,Owner-Occupied,8.0,C1,1.0,NO,,NO,,NO,,NO,,YES,grant/free,YES,,NO,,NO,,NO,,NO,,06/01/2021,Phoenix,House,Detached,Urban,1930 - 1949,D,2.0,0.0,2.0,130.0,5.0,3.0,8.0,2.6,Cavity_No_insulation,Suspended,Pitched,Double,Yes,Gas,Gas Boiler - Combi,Fire - Wood,None,,0.0,0.0,1.0,No,No,3000.0,23000.0,8.472,77.54,17022.0,4182.0,616.0,49.0,3.24,Yes with additional measures,No,Yes,Yes,ASHP,,,Loft Insulation,12449.97,1000.0,1059.0,14.3,3.8,Yes,,,21/05/2021,Aaron Services,ASHP,,Daikin,EDLQ011CAV3,11.0,R410A,,Water_new,200.0,,1.0,9.0,0.0,0.0,none,none,No,0.0,2.0,0.0,No,Yes,0.0,0.0,None,no,6364.2,1752.0,,3055.0,0.0,500.0,0.0,0.0,0.0,0.0,2.0,0.5,
831,E.ON,EOH2177,NE15,63.0,Retired,Pensioner,"30,001 - 40,000",2020-12-16T00:00:00.000Z,Owner-Occupied,34.0,DE,2.0,YES,,NO,,YES,,NO,,NO,,NO,,NO,,NO,,NO,,NO,,13/01/2021,Phoenix,House,Detached,Urban,1967 - 1975,,4.0,0.0,2.0,90.0,6.0,3.0,9.0,2.3,Cavity_Insulated,Suspended,Pitched,Double,Yes,Gas,Gas Boiler - Standard,Fire - Gas,Water,110,0.0,1.0,0.0,No,No,4456.0,18970.0,7.176,79.73,14426.0,4038.0,218.0,50.0,3.2,Yes with additional measures,No,Yes,Yes,ASHP,,,Loft Insulation,13503.37,300.0,850.0,14.3,3.8,Yes,,,21/05/2021,Aaron Services,ASHP,,Daikin,EDLQ011CAV3,11.0,R410A,,Water_new,300.0,,1.0,10.0,0.0,0.0,none,none,No,0.0,0.0,0.0,No,Yes,0.0,0.0,None,no,6364.2,1752.0,,3610.0,0.0,500.0,0.0,0.0,0.0,0.0,3.0,0.5,
835,E.ON,EOH2056,NE3,45.0,Working Full time (>30hrs),Professional,"50,001+",2020-12-22T00:00:00.000Z,Owner-Occupied,13.0,C1,1.0,NO,,NO,,NO,,NO,,YES,bill savings,YES,,NO,,NO,,NO,,NO,,18/01/2021,Phoenix,House,End-Terrace,Urban,1950 - 1966,,2.0,2.0,2.0,90.0,5.0,3.0,7.0,2.4,Cavity_Insulated,Solid,Pitched,Double,Yes,Gas,Gas Boiler - Combi,None,None,,0.0,0.0,1.0,No,No,7000.0,10000.0,6.02,71.59,14582.1,3311.0,0.0,55.0,2.96,No,No,No,Yes,Hybrid,,,None Required,10060.85,,697.0,14.3,3.8,Yes,,,18/03/2021,Phoenix,Hybrid,Separate_New Boiler,Daikin,EHY2KOMB28AA,4.0,R32,,,,,1.0,9.0,0.0,0.0,none,none,No,0.0,0.0,0.0,No,No,0.0,0.0,None,no,5739.82,,,2685.85,0.0,0.0,0.0,0.0,0.0,0.0,3.0,0.0,
840,E.ON,EOH2531,NE3,35.0,Working Full time (>30hrs),Professional,"30,001 - 40,000",2020-12-21T00:00:00.000Z,Owner-Occupied,1.0,C1,3.0,YES,,NO,,NO,,NO,,YES,grant/free,YES,,NO,,NO,,NO,,NO,,14/01/2021,Phoenix,House,Semi-Detached,Urban,1950 - 1966,D,2.0,0.0,2.0,116.0,5.0,3.0,9.0,2.4,Cavity_Insulated,Solid,Pitched,Double,Yes,Gas,Gas Boiler - Combi,Fire - Gas,None,,0.0,1.0,1.0,No,No,3085.0,21000.0,7.972,68.72,15982.7,4475.0,853.0,49.0,3.24,Yes with additional measures,No,No,Yes,ASHP,,,Loft Insulation,13319.15,500.0,1026.0,14.3,3.8,Yes,,,25/05/2021,Aaron Services,ASHP,,Daikin,EDLQ011CAV3,11.0,R410A,,Water_new,200.0,,1.0,11.0,0.0,0.0,none,none,No,0.0,0.0,0.0,No,Yes,0.0,0.0,None,no,6364.21,1752.0,,3425.04,0.0,500.0,0.0,0.0,0.0,0.0,3.0,0.5,
845,E.ON,EOH1566,NE5,76.0,Retired,Pensioner,"30,001 - 40,000",2020-12-18T00:00:00.000Z,Owner-Occupied,37.0,DE,5.0,YES,,NO,,NO,,NO,,NO,,YES,,NO,,NO,,NO,,NO,,13/01/2021,Phoenix,House,Detached,Urban,1900 - 1929,,1.0,0.0,2.0,92.0,5.0,3.0,8.0,2.7,Solid_No_insulation,Mix,Pitched,Double,Yes,Gas,Gas Boiler - Combi,Fire - Gas,None,,0.0,1.0,1.0,No,No,1279.0,16704.0,10.58,114.96,21259.8,3515.0,0.0,,,No,No,No,Yes,Hybrid,,,None Required,10430.06,,1453.0,14.3,3.8,Yes,,,13/05/2021,Phoenix,Hybrid,Separate_New Boiler,Daikin,EHY2KOMB28AA,4.0,R32,,,,,1.0,9.0,0.0,0.0,none,none,No,0.0,1.0,1.0,No,No,0.0,0.0,None,no,5739.82,,,3055.0,0.0,0.0,0.0,0.0,0.0,0.0,2.0,0.0,
849,E.ON,EOH0850,NE3,41.0,Working Full time (>30hrs),Professional,"50,001+",2020-12-18T00:00:00.000Z,Owner-Occupied,3.0,AB,3.0,YES,,NO,,NO,,NO,,YES,bill savings,NO,,NO,,NO,,NO,,NO,,15/01/2021,Phoenix,House,Semi-Detached,Urban,1967 - 1975,C,2.0,0.0,2.0,107.0,7.0,4.0,12.0,2.3,Cavity_Insulated,Solid,Pitched,Double,Yes,Gas,Gas Boiler - Combi,None,None,,0.0,0.0,1.0,No,No,2370.0,20000.0,5.92159,58.65,14348.0,4122.0,607.0,,,Yes,No,Yes,Yes,ASHP,,,None Required,13711.35,0.0,894.0,14.3,3.8,No,Other,,,,,,,,,,,,,,,,,,,,,,,,,,,,,,,,,,,,,,,,,,
885,E.ON,EOH0295,NE3,68.0,Retired,Pensioner,"20,001 - 25,000",2021-01-04T00:00:00.000Z,Owner-Occupied,12.0,DE,2.0,YES,,NO,,NO,,NO,,NO,,YES,,NO,,NO,,NO,,NO,,21/01/2021,Phoenix,House,Semi-Detached,Urban,1967 - 1975,,2.0,0.0,2.0,76.0,4.0,2.0,5.0,2.3,Cavity_Insulated,Solid,Pitched,Double,Yes,Gas,Gas Boiler - Combi,None,None,,0.0,0.0,1.0,No,No,2200.0,11000.0,6.717,88.38,16278.2,1732.0,0.0,,,No,No,No,Yes,Hybrid,,,None Required,10429.29,,1043.0,14.3,3.8,Yes,,,03/06/2021,Phoenix,Hybrid,Separate_New Boiler,Daikin,EHY2KOMB28AA,4.0,R32,,,,,1.0,7.0,0.0,0.0,none,none,No,0.0,0.0,1.0,No,No,0.0,0.0,None,no,5739.82,,,3035.29,0.0,0.0,0.0,0.0,0.0,0.0,2.0,0.0,
896,E.ON,EOH0749,NE3,57.0,Working Full time (>30hrs),Professional,"50,001+",2021-01-07T00:00:00.000Z,Owner-Occupied,19.0,AB,5.0,YES,,NO,,NO,,NO,,NO,,YES,,NO,,NO,,NO,,NO,,27/01/2021,Phoenix,House,Detached,Urban,1991 - 1995,,2.0,0.0,2.0,152.0,8.0,4.0,13.0,2.3,Cavity_Insulated,Suspended,Pitched,Double,Yes,Gas,Gas Boiler - Combi,Fire - Gas,None,,0.0,1.0,1.0,No,No,5000.0,19000.0,9.17,60.32,8899.9,4139.0,0.0,55.0,2.96,No,No,No,Yes,Hybrid,,,None Required,10800.81,,866.0,14.3,3.8,Yes,,,17/06/2021,Phoenix,Hybrid,Separate_New Boiler,Daikin,EHY2KOMB28AA,4.0,R32,,,,,1.0,13.0,0.0,0.0,none,none,No,0.0,0.0,0.0,No,No,0.0,0.0,None,no,5739.0,,,3425.0,0.0,0.0,0.0,0.0,0.0,0.0,2.5,0.0,
897,E.ON,EOH0609,NE6,70.0,Working Part time,Clerical,"30,001 - 40,000",2021-01-07T00:00:00.000Z,Owner-Occupied,13.0,C1,3.0,YES,,NO,,YES,,NO,,NO,,NO,,NO,,NO,,NO,,NO,,25/01/2021,Phoenix,House,Semi-Detached,Urban,1930 - 1949,,2.0,0.0,1.0,85.0,5.0,3.0,7.0,2.5,Cavity_Insulated,Suspended,Pitched,Double,Yes,Gas,Gas Boiler - Combi,Fire - Wood,None,,0.0,0.0,0.0,No,No,4300.0,7800.0,7.065,83.12,14151.1,3311.0,0.0,55.0,2.96,No,No,No,Yes,Hybrid,,,None Required,10060.85,,671.0,14.3,3.8,Yes,,,30/04/2021,Phoenix,Hybrid,Separate_New Boiler,Daikin,EHY2KOMB28AA,4.0,R32,,,,,1.0,9.0,0.0,0.0,none,none,No,0.0,0.0,0.0,No,No,0.0,0.0,None,no,5739.82,,,2685.85,0.0,0.0,0.0,0.0,0.0,0.0,3.0,0.0,
899,E.ON,EOH2341,NE2,49.0,Working Full time (>30hrs),Manager,"25,001 - 30,000",2021-01-08T00:00:00.000Z,Owner-Occupied,14.0,C1,3.0,YES,,NO,,NO,,NO,,NO,,NO,,NO,,NO,,NO,,NO,,25/01/2021,Phoenix,House,Semi-Detached,Urban,1930 - 1949,,2.0,3.0,2.0,110.0,6.0,3.0,8.0,2.3,Cavity_Insulated,Suspended,Pitched,Double,Yes,Gas,Gas Boiler - Combi,Fire - Wood,None,,0.0,0.0,1.0,No,No,3000.0,13000.0,7.57929,72.18,15192.2,3311.0,0.0,,,No,No,No,Yes,Hybrid,,,Loft Insulation,10060.85,500.0,980.0,14.3,3.8,No,Other,,,,,,,,,,,,,,,,,,,,,,,,,,,,,,,,,,,,,,,,,,
903,E.ON,EOH2205,NE3,69.0,Working Part time,Skilled Manual Worker,"16,201 - 20,000",2021-01-08T00:00:00.000Z,Owner-Occupied,40.0,C2,1.0,YES,,NO,,NO,,NO,,NO,,YES,,NO,,NO,,NO,,NO,,25/01/2021,Phoenix,House,Detached,Urban,1950 - 1966,,2.0,0.0,2.0,78.0,5.0,3.0,8.0,2.4,Cavity_Insulated,Suspended,Pitched,Double,Yes,Gas,Gas Boiler - Combi,Fire - Gas,None,,0.0,1.0,1.0,No,No,5214.0,15977.0,5.957,76.37,14437.3,3311.0,0.0,55.0,2.96,No,No,No,Yes with additional measures,Hybrid,,,Loft Insulation,9690.87,500.0,698.0,14.3,3.8,Yes,,,03/03/2021,Phoenix,Hybrid,Separate_New Boiler,Daikin,EHY2KOMB28AA,4.0,R32,,,,,1.0,7.0,0.0,0.0,none,none,No,0.0,0.0,0.0,No,Yes,0.0,0.0,None,no,5739.82,,,2315.87,0.0,500.0,0.0,0.0,0.0,0.0,2.5,0.5,
919,E.ON,EOH0570,NE3,32.0,Working Full time (>30hrs),Manager,"30,001 - 40,000",2021-01-18T00:00:00.000Z,Owner-Occupied,6.0,C1,4.0,YES,,NO,,NO,,NO,,NO,,NO,,NO,,NO,,NO,,NO,,03/02/2021,Phoenix,House,Semi-Detached,Urban,1967 - 1975,C,2.0,1.0,2.0,95.0,6.0,3.0,7.0,2.4,Cavity_Insulated,Solid,Pitched,Double,Yes,Gas,Gas Boiler - Combi,None,None,,0.0,0.0,0.0,No,No,4384.0,10910.0,6.046,76.4,14644.2,3820.0,0.0,,,No,No,No,Yes,Hybrid,,,Barrier,9690.87,300.0,733.0,14.3,3.8,Yes,,,18/03/2021,Phoenix,Hybrid,Separate_New Boiler,Daikin,EHY2KOMB28AA,4.0,R32,,,,,1.0,7.0,0.0,0.0,none,none,No,0.0,0.0,0.0,No,Yes,0.0,0.0,None,no,5739.82,,,2315.87,0.0,500.0,0.0,0.0,0.0,0.0,4.0,0.0,
947,E.ON,EOH2155,NE15,33.0,Working Full time (>30hrs),Professional,"50,001+",2021-01-13T00:00:00.000Z,Owner-Occupied,3.0,AB,5.0,YES,,NO,,NO,,NO,,NO,,NO,,NO,,NO,,NO,,NO,,19/02/2021,Phoenix,House,Semi-Detached,Urban,1930 - 1949,,2.0,0.0,2.0,93.0,5.0,3.0,8.0,2.7,Solid_No_insulation,Solid,Pitched,Double,Yes,Gas,Gas Boiler - Combi,None,None,,0.0,0.0,1.0,No,No,1750.0,16000.0,6.57,70.65,13211.4,3566.0,0.0,53.0,2.99,No,No,No,Yes,Hybrid,,,None Required,10048.24,,838.0,14.3,3.8,Yes,,,06/07/2021,Phoenix,Hybrid,Separate_New Boiler,Daikin,EHY2KOMB32AA,4.0,R32,,,,,1.0,8.0,0.0,0.0,none,none,No,0.0,0.0,0.0,No,No,0.0,0.0,None,no,5912.0,,,2501.0,0.0,0.0,0.0,0.0,0.0,0.0,2.5,0.0,
948,E.ON,EOH2045,NE5,44.0,Working Full time (>30hrs),Supervisor,"50,001+",2021-01-15T00:00:00.000Z,Owner-Occupied,9.0,C1,1.0,YES,,NO,,NO,,NO,,NO,,YES,,NO,,NO,,NO,,NO,,04/02/2021,Phoenix,House,Detached,Urban,1983 - 1990,C,2.0,2.0,2.0,110.0,5.0,3.0,9.0,2.4,Cavity_Insulated,Solid,Pitched,Double,Yes,Gas,Gas Boiler - Combi,None,None,,0.0,0.0,0.0,No,No,3100.0,12000.0,7.2489,65.89,17560.6,4002.0,0.0,,,No,No,No,Yes with additional measures,Hybrid,,,Loft Insulation,10615.05,500.0,840.0,14.3,3.8,Yes,,,31/03/2021,Phoenix,Hybrid,Separate_New Boiler,Daikin,EHY2KOMB28AA,4.0,R32,,,,,1.0,10.0,0.0,0.0,none,none,No,0.0,0.0,0.0,No,Yes,0.0,0.0,None,no,5739.82,,,3240.0,0.0,500.0,0.0,0.0,0.0,0.0,3.0,0.5,
955,E.ON,EOH2747,NE3,41.0,Working Full time (>30hrs),Skilled Manual Worker,"50,001+",2021-02-03T00:00:00.000Z,Owner-Occupied,2.0,C1,4.0,NO,,NO,,NO,,NO,,NO,,YES,,NO,,NO,,NO,,NO,,05/03/2021,Phoenix,House,Detached,Urban,1983 - 1990,C,2.0,2.0,2.0,106.0,7.0,4.0,10.0,2.3,Cavity_Insulated,Solid,Pitched,Double,Yes,Gas,Gas Boiler - Combi,Fire - Gas,None,,0.0,1.0,0.0,No,No,10000.0,24000.0,7.43926,80.86,18036.3,4122.0,607.0,,,No,No,Yes,Yes,HT_ASHP,,,None Required,15974.19,0.0,1237.0,14.3,3.8,No,Other,,,,,,,,,,,,,,,,,,,,,,,,,,,,,,,,,,,,,,,,,,
965,E.ON,EOH3172,NE12,42.0,Working Full time (>30hrs),Skilled Manual Worker,"50,001+",2021-01-21T00:00:00.000Z,Owner-Occupied,14.0,C2,1.0,YES,,NO,,NO,,NO,,NO,,YES,,NO,,NO,,NO,,NO,,11/02/2021,Phoenix,House,End-Terrace,Urban,1983 - 1990,D,3.0,2.0,2.0,93.0,5.0,3.0,7.0,2.4,Cavity_Insulated,Solid,Pitched,Double,Yes,Gas,Gas Boiler - Combi,Fire - Wood,None,,0.0,0.0,1.0,No,No,6300.0,16500.0,6.63176,78.02,13283.6,3464.0,0.0,,,No,No,No,Yes,Hybrid,,,Loft Insulation,10799.27,500.0,891.0,14.3,3.8,No,Other,,,,,,,,,,,,,,,,,,,,,,,,,,,,,,,,,,,,,,,,,,
986,E.ON,EOH0837,NE3,33.0,Working Full time (>30hrs),Professional,"50,001+",2021-01-25T00:00:00.000Z,Owner-Occupied,5.0,AB,4.0,YES,,NO,,YES,,NO,,NO,,YES,,NO,,NO,,NO,,NO,,08/02/2021,Phoenix,House,Semi-Detached,Urban,1950 - 1966,C,2.0,2.0,2.0,99.0,5.0,3.0,8.0,2.6,Cavity_Insulated,Suspended,Pitched,Double,Yes,Gas,Gas Boiler - Combi,Fire - Gas,None,,0.0,1.0,0.0,No,No,4760.0,17000.0,7.18,72.54,14382.5,5153.0,759.0,50.0,3.2,Yes with additional measures,No,No,Yes,ASHP,,,Loft Insulation,13134.93,500.0,1023.0,14.3,3.8,Yes,,,14/05/2021,Aaron Services,ASHP,,Daikin,EDLQ011CAV3,11.0,R410A,,Water_new,250.0,,1.0,12.0,0.0,0.0,none,none,No,0.0,1.0,0.0,No,Yes,0.0,0.0,None,no,6364.21,1752.0,,3240.82,0.0,500.0,0.0,0.0,0.0,0.0,2.0,0.5,
990,E.ON,EOH2717,NE13,41.0,Working Full time (>30hrs),Manager,"50,001+",2021-01-28T00:00:00.000Z,Owner-Occupied,2.0,AB,3.0,YES,,,,NO,,NO,,NO,,NO,,NO,,NO,,NO,,NO,,04/02/2021,Phoenix,House,Semi-Detached,Urban,1950 - 1966,D,2.0,2.0,2.0,142.0,8.0,5.0,11.0,2.4,Cavity_No_insulation,Suspended,Pitched,Double,Yes,Gas,Gas Boiler - Combi,Fire - Wood,None,,0.0,0.0,1.0,No,No,4500.0,17500.0,12.283,86.5,12782.2,5272.0,0.0,55.0,2.96,No,No,No,Yes,Hybrid,,,Loft insulation,11157.41,500.0,1414.0,14.3,3.8,Yes,,,07/05/2021,Phoenix,Hybrid,Separate_New Boiler,Daikin,EHY2KOMB32AA,4.0,R32,,,,,1.0,12.0,0.0,0.0,none,none,No,0.0,0.0,0.0,No,Yes,0.0,0.0,None,no,5912.2,,,3610.03,0.0,500.0,0.0,0.0,0.0,0.0,3.0,0.5,
993,E.ON,EOH2637,NE3,37.0,Working Full time (>30hrs),Skilled Manual Worker,"40,001 - 50,000",2021-01-28T00:00:00.000Z,Owner-Occupied,0.9,C2,1.0,YES,,,,NO,,NO,,YES,,NO,,NO,,NO,,NO,,NO,,12/02/2021,Phoenix,House,Semi-Detached,Urban,1950 - 1966,C,2.0,2.0,2.0,95.0,5.0,3.0,7.0,2.4,Cavity_Insulated,Suspended,Pitched,Double,Yes,Gas,Gas Boiler - Standard,None,Water,110,0.0,0.0,1.0,No,No,1149.0,21375.0,7.69,80.97,18636.2,3820.0,0.0,,,No,No,No,Yes,Hybrid,,,None Required,11353.47,,1311.0,14.0,4.0,Yes,,,30/04/2021,Phoenix,Hybrid,Separate_New Boiler,Daikin,EHY2KOMB28AA,4.0,R32,,,,,1.0,9.0,0.0,0.0,none,none,No,0.0,0.0,0.0,No,No,0.0,0.0,None,no,5739.82,,,3978.47,0.0,0.0,0.0,0.0,0.0,0.0,3.0,0.0,
997,E.ON,EOH2167,NE6,29.0,Working Full time (>30hrs),Professional,"50,001+",2021-01-26T00:00:00.000Z,Owner-Occupied,3.0,C1,2.0,YES,,,,YES,currently broken,NO,,NO,,YES,,NO,,NO,,NO,,NO,,09/02/2021,Phoenix,House,Mid-Terrace,Urban,1950 - 1966,D,2.0,0.0,2.0,66.0,4.0,2.0,6.0,2.3,Cavity_Insulated,Solid,Pitched,Double,Yes,Gas,Gas Boiler - Combi,None,None,,0.0,0.0,1.0,No,No,1506.0,14565.0,4.5,68.2,9022.8,2636.0,0.0,50.0,3.02,No,No,No,Yes with additional measures,Hybrid,,,Loft Insulation  Barrier,9690.87,800.0,509.0,14.0,4.0,Yes,,,24/04/2021,Phoenix,Hybrid,Separate_New Boiler,Daikin,EHY2KOMB28AA,4.0,R32,,,,,1.0,6.0,0.0,0.0,none,enclosure,No,0.0,0.0,0.0,No,Yes,0.0,0.0,None,no,5739.82,,,2315.0,0.0,500.0,0.0,0.0,0.0,0.0,2.5,0.0,
1002,E.ON,EOH0069,NE3,40.0,Working Full time (>30hrs),Manager,"50,001+",2021-01-28T00:00:00.000Z,Owner-Occupied,10.0,C1,3.0,NO,,,,NO,,NO,,YES,,YES,,NO,,NO,,NO,,NO,,11/02/2021,Phoenix,House,Semi-Detached,Urban,1967 - 1975,D,2.0,2.0,2.0,99.0,4.0,3.0,7.0,2.4,Cavity_No_insulation,Solid,Pitched,Double,Yes,Gas,Gas Boiler - Combi,Fire - Gas,None,,0.0,1.0,1.0,No,No,4934.0,14901.0,6.648,71.31,13322.1,3566.0,0.0,55.0,2.96,No,No,No,Yes with additional measures,Hybrid,,,loft Insulation cavity insulation,10430.83,1200.0,651.0,14.3,3.8,Yes,,,26/03/2021,Phoenix,Hybrid,Separate_New Boiler,Daikin,EHY2KOMB28AA,4.0,R32,,,,,1.0,11.0,0.0,0.0,none,none,No,0.0,0.0,0.0,No,Yes,0.0,0.0,Cavity,no,5739.82,,,3424.0,0.0,500.0,1000.0,0.0,0.0,0.0,3.5,2.0,
1004,E.ON,EOH1986,NE7,48.0,Working Full time (>30hrs),Skilled Manual Worker,"50,001+",2021-01-27T00:00:00.000Z,Owner-Occupied,5.0,C2,5.0,YES,,,,NO,,NO,,YES,,NO,,NO,,NO,,NO,,NO,,10/02/2021,Phoenix,House,Semi-Detached,Urban,1967 - 1975,E,2.0,2.0,2.0,141.0,5.0,3.0,10.0,2.6,Cavity_No_insulation,Suspended,Pitched,Double,Yes,Gas,Gas Boiler - Combi,Fire - Gas,None,,0.0,2.0,1.0,No,No,4908.0,21059.0,8.95,76.54,17949.2,4122.0,607.0,49.0,3.15,Yes,No,Yes,Yes,ASHP,,,,16904.12,0.0,1119.0,14.3,3.8,Yes,,,20/09/2021,Phoenix,ASHP,,Daikin,EDLQ014CAV3,14.0,R410A,,Water_new,200.0,,1.0,14.0,0.0,0.0,None,None,No,0.0,0.0,0.0,Yes,Yes,0.0,0.0,None,no,7677.36,1752.34,,4718.43,,500.0,0.0,0.0,0.0,0.0,3.0,,
1010,E.ON,EOH2788,NE5,61.0,Working Full time (>30hrs),Skilled Manual Worker,"20,001 - 25,000",2021-01-27T00:00:00.000Z,Owner-Occupied,17.0,C2,1.0,NO,,,,YES,,NO,,NO,,YES,,NO,,NO,,NO,,NO,,15/02/2021,Phoenix,House,Semi-Detached,Urban,1983 - 1990,,3.0,0.0,2.0,100.0,5.0,3.0,5.0,2.3,Cavity_Insulated,Solid,Pitched,Double,Yes,Gas,Gas Boiler - Combi,None,None,,0.0,0.0,1.0,No,No,3886.0,13800.0,5.09,50.92,12348.3,4122.0,607.0,50.0,3.35,Yes with additional measures,No,Yes,No,ASHP,,,Loft Insulation  Barrier,11863.76,800.0,832.0,14.0,4.0,Yes,,,31/03/2021,Phoenix,ASHP,,Daikin,EDLQ07CAV4,7.0,R410A,,Water_new,200.0,,1.0,9.0,0.0,0.0,none,enclosure,No,0.0,0.0,0.0,No,Yes,0.0,0.0,None,no,5648.01,1752.0,,2685.85,0.0,500.0,0.0,0.0,0.0,0.0,3.0,0.5,
1043,E.ON,EOH0492,NE5,64.0,Working Full time (>30hrs),Professional,"50,001+",2021-02-04T00:00:00.000Z,Owner-Occupied,12.0,AB,5.0,YES,,NO,,NO,,NO,,YES,bill savings,YES,,NO,,NO,,NO,,NO,,17/02/2021,Phoenix,House,Detached,Urban,1996 - 2002,,3.0,0.0,2.0,110.0,6.0,3.0,10.0,2.4,Cavity_Insulated,Solid,Pitched,Double,Yes,Gas,Gas Boiler - Combi,Fire - Gas,None,,0.0,1.0,1.0,No,No,6000.0,36000.0,7.63,69.36,17204.5,4122.0,0.0,,,Yes with additional measures,No,Yes,Yes,ASHP,,,Loft Insulation,13151.75,500.0,1024.0,14.3,3.8,No,Practical_Aesthetics,,,,,,,,,,,,,,,,,,,,,,,,,,,,,,,,,,,,,,,,,,
1046,E.ON,EOH1423,NE4,51.0,Working Part time,Clerical,"12,501 - 16,200",2021-02-04T00:00:00.000Z,Owner-Occupied,11.0,C1,3.0,YES,,NO,,NO,,NO,,NO,,NO,,NO,,NO,,NO,,NO,,17/02/2021,Phoenix,House,Semi-Detached,Urban,1967 - 1975,D,2.0,0.0,2.0,104.0,5.0,3.0,9.0,2.5,Cavity_Insulated,Suspended,Pitched,Double,Yes,Gas,Gas Boiler - Combi,None,None,,0.0,0.0,1.0,No,No,1700.0,11300.0,7.56,72.7,13966.5,3820.0,0.0,50.0,3.02,No,No,No,Yes,Hybrid,,,Barrier,10800.04,300.0,890.0,14.0,4.0,Yes,,,26/03/2021,Phoenix,Hybrid,Separate_New Boiler,Daikin,EHY2KOMB28AA,4.0,R32,,,,,1.0,11.0,0.0,0.0,none,enclosure,No,0.0,2.0,0.0,No,No,0.0,0.0,None,no,5739.82,,,3424.0,0.0,0.0,0.0,0.0,0.0,0.0,3.5,0.0,
1048,E.ON,EOH2397,NE5,45.0,Working Full time (>30hrs),Professional,"50,001+",2021-02-05T00:00:00.000Z,Owner-Occupied,20.0,C1,5.0,NO,,NO,,YES,,NO,,NO,,YES,has solar panels,NO,,NO,,NO,,NO,,26/02/2021,Phoenix,House,Semi-Detached,Urban,1967 - 1975,C,2.0,0.0,2.0,74.0,3.0,2.0,6.0,2.6,Cavity_Insulated,Suspended,Pitched,Double,Yes,Gas,Gas Boiler - Combi,None,None,,0.0,0.0,0.0,No,No,2315.0,12314.0,4.32,58.4,8656.5,2636.0,0.0,50.0,3.02,No,No,No,Yes with additional measures,Hybrid,,,Loft Insulation,10799.27,500.0,490.0,14.0,4.0,Yes,,,08/05/2021,Phoenix,Hybrid,Separate_New Boiler,Daikin,EHY2KOMB28AA,4.0,R32,,,,,1.0,7.0,0.0,0.0,none,none,No,0.0,0.0,0.0,No,Yes,0.0,0.0,None,no,5739.82,,,3424.27,0.0,500.0,0.0,0.0,0.0,0.0,2.0,0.5,
1051,E.ON,EOH2280,NE3,42.0,Working Full time (>30hrs),Professional,"25,001 - 30,000",2021-02-12T00:00:00.000Z,Owner-Occupied,3.0,C1,4.0,YES,,NO,,NO,,NO,,NO,,YES,,NO,,NO,,NO,,NO,,16/02/2021,Phoenix,House,Semi-Detached,Urban,1950 - 1966,C,2.0,1.0,2.0,99.0,5.0,3.0,7.0,2.4,Cavity_Insulated,Solid,Pitched,Double,Yes,Gas,Gas Boiler - Combi,Fire - Electric,None,,0.0,0.0,1.0,No,No,1856.0,11313.0,5.15,50.02,12472.4,4122.0,655.0,45.0,3.57,Yes,No,Yes,No,ASHP,,,Barrier,12047.98,300.0,804.0,14.0,4.0,Yes,,,14/04/2021,Aaron Services,ASHP,,Daikin,EDLQ07CAV7,7.0,R410A,,Water_new,200.0,,1.0,8.0,0.0,0.0,none,enclosure,No,0.0,0.0,0.0,No,No,0.0,0.0,None,no,5648.0,1752.01,,2870.07,0.0,0.0,0.0,0.0,0.0,0.0,3.0,0.0,
1056,E.ON,EOH1498,NE4,47.0,Working Part time,Manager,"30,001 - 40,000",2021-02-09T00:00:00.000Z,Owner-Occupied,11.0,C1,2.0,YES,,NO,,YES,,NO,,NO,,YES,,NO,,NO,,NO,,NO,,19/02/2021,Phoenix,House,Semi-Detached,Urban,1930 - 1949,,2.0,0.0,2.0,90.0,5.0,3.0,8.0,2.7,Cavity_Insulated,Suspended,Pitched,Double,Yes,Gas,Gas Boiler - Combi,Fire - Wood,None,,0.0,0.0,1.0,No,No,1500.0,19000.0,7.954,88.37,15982.8,3464.0,0.0,,,No,No,No,Yes,Hybrid,,,None Required,10615.05,,1090.0,14.3,3.8,Yes,,,13/05/2021,Phoenix,Hybrid,Separate_New Boiler,Daikin,EHY2KOMB28AA,4.0,R32,,,,,1.0,10.0,0.0,0.0,none,none,No,0.0,1.0,1.0,No,Yes,0.0,0.0,None,no,5739.82,,,3240.05,0.0,500.0,0.0,0.0,0.0,0.0,2.0,0.5,
1091,E.ON,EOH0810,NE11,69.0,Retired,Pensioner,"50,001+",2021-02-22T00:00:00.000Z,Owner-Occupied,4.0,DE,2.0,YES,,NO,,YES,,NO,,NO,,YES,,NO,,NO,,NO,,NO,,24/02/2021,Phoenix,House,Detached,Urban,1950 - 1966,C,2.0,0.0,2.0,92.0,5.0,3.0,8.0,2.4,Cavity_Insulated,Mix,Pitched,Double,Yes,Gas,Gas Boiler - Combi,Fire - Gas,None,,1.0,1.0,1.0,No,No,4500.0,14000.0,8.24,89.52,16550.2,4122.0,607.0,50.0,3.2,Yes,No,Yes,No,ASHP,,,None Required,14241.8,,1044.0,14.3,3.8,Yes,,,19/05/2021,Aaron Services,ASHP,,Daikin,EDLQ011CAV3,11.0,R410A,,Water_new,200.0,,1.0,12.0,0.0,0.0,none,none,No,0.0,0.0,0.0,No,No,0.0,0.0,None,no,6364.2,1752.0,,5087.0,0.0,0.0,0.0,0.0,0.0,0.0,3.0,0.0,
1092,E.ON,EOH0808,NE3,49.0,Working Full time (>30hrs),Professional,"30,001 - 40,000",2021-02-25T00:00:00.000Z,Owner-Occupied,17.0,C1,1.0,YES,,NO,,NO,,NO,,NO,,YES,,NO,,NO,,NO,,NO,,08/03/2021,Phoenix,House,Semi-Detached,Urban,1983 - 1990,,1.0,0.0,2.0,68.0,4.0,3.0,6.0,2.4,Cavity_Insulated,Suspended,Pitched,Single,Yes,Gas,Gas Boiler - Combi,None,None,,0.0,0.0,1.0,No,No,3050.0,9176.0,5.014,73.74,10044.6,3566.0,0.0,49.0,3.03,No,No,No,Yes,Hybrid,,,None Required,10799.27,,596.0,14.3,3.8,Yes,,,27/05/2021,Phoenix,Hybrid,Separate_New Boiler,Daikin,EHY2KOMB28AA,4.0,R32,,,,,1.0,9.0,0.0,0.0,none,none,No,0.0,0.0,0.0,No,No,0.0,0.0,None,no,5739.8,,,3424.27,0.0,0.0,0.0,0.0,0.0,0.0,2.5,0.0,
1097,E.ON,EOH3005,NE3,59.0,Working Full time (>30hrs),Skilled Manual Worker,"50,001+",2021-02-22T00:00:00.000Z,Owner-Occupied,5.0,C2,5.0,YES,,NO,,YES,,NO,,NO,,YES,,NO,,NO,,NO,,NO,,01/03/2021,Phoenix,House,Detached,Urban,1983 - 1990,C,3.0,0.0,2.0,117.0,8.0,4.0,14.0,2.3,Cavity_Insulated,Solid,Pitched,Double,Yes,Gas,Gas Boiler - Combi,None,None,,0.0,0.0,1.0,No,No,4000.0,21000.0,9.45,80.79,18932.5,4166.0,181.0,,,No,No,Yes,No,HT_ASHP,Programme_Cancelled,,None Required,18348.0,0.0,1098.0,14.3,3.8,Yes,,,,,,,,,,,,,,,,,,,,,,,,,,,,,,,,,,,,,,,,,,,
1115,E.ON,EOH2602,NE7,32.0,Working Full time (>30hrs),Manager,"40,001 - 50,000",2021-02-25T00:00:00.000Z,Owner-Occupied,3.0,C1,3.0,YES,,NO,,YES,,NO,,NO,,NO,,NO,,NO,,NO,,NO,,01/03/2021,Phoenix,House,Semi-Detached,Urban,1950 - 1966,E,2.0,1.0,2.0,90.0,5.0,3.0,9.0,2.3,Cavity_Insulated,Solid,Pitched,Double,Yes,Gas,Gas Boiler - Standard,Fire - Gas,Water,150,0.0,1.0,0.0,No,No,4405.0,18000.0,6.686,74.29,13399.2,3566.0,0.0,52.0,3.0,No,No,No,Yes,Hybrid,,,Loft insulation,10615.05,500.0,836.0,14.3,3.8,Yes,,,10/06/2021,Phoenix,Hybrid,Separate_New Boiler,Daikin,EHY2KOMB28AA,4.0,R32,,,,,1.0,10.0,0.0,0.0,none,none,No,0.0,1.0,0.0,No,Yes,0.0,0.0,None,no,5739.82,,,3240.07,0.0,500.0,0.0,0.0,0.0,0.0,2.0,1.0,
1141,E.ON,EOH0014,NE6,63.0,Working Full time (>30hrs),Skilled Manual Worker,"30,001 - 40,000",2021-04-08T00:00:00.000Z,Owner-Occupied,0.9,C2,2.0,YES,,NO,,YES,,NO,,NO,,YES,,NO,,NO,,NO,,NO,,12/04/2021,Phoenix,House,Semi-Detached,Urban,1950 - 1966,D,1.0,0.0,1.0,85.0,4.0,2.0,7.0,2.6,Cavity_Insulated,Suspended,Pitched,Double,Yes,Gas,Gas Boiler - Combi,Fire - Gas,None,,0.0,1.0,1.0,No,No,1976.0,14600.0,5.637,66.32,11297.8,2674.0,0.0,49.0,3.03,No,No,No,Yes,Hybrid,,,Loft insulation,10232.46,500.0,637.0,14.3,3.8,Yes,,,22/06/2021,Phoenix,Hybrid,Separate_New Boiler,Daikin,EHY2KOMB32AA,4.0,R32,,,,,1.0,7.0,0.0,0.0,none,none,No,0.0,0.0,0.0,No,Yes,0.0,0.0,None,no,5912.2,,,2685.0,0.0,500.0,0.0,0.0,0.0,0.0,3.0,0.5,
1157,E.ON,EOH1041,NE15,57.0,Working Full time (>30hrs),Skilled Manual Worker,"50,001+",2021-03-11T00:00:00.000Z,Owner-Occupied,30.0,C2,2.0,NO,,NO,,NO,,NO,,YES,Government grant / free,NO,,NO,,NO,,NO,,NO,,11/03/2021,Phoenix,House,Detached,Urban,1967 - 1975,,2.0,0.0,2.0,80.0,4.0,3.0,8.0,2.4,Cavity_Insulated,Suspended,Pitched,Double,Yes,Gas,Gas Boiler - Combi,None,None,,0.0,0.0,1.0,No,No,3058.0,10144.0,5.51,68.81,13339.1,4475.0,655.0,49.0,3.39,Yes,No,Yes,No,ASHP,,,None Required,11678.78,,883.0,14.3,3.8,Yes,,,09/06/2021,Aaron services,ASHP,,Daikin,EDLQ07CAV3,7.0,R410A,,Water_new,200.0,,1.0,8.0,0.0,0.0,none,none,No,0.0,0.0,0.0,No,No,0.0,0.0,None,no,5648.01,1752.0,,2501.0,0.0,0.0,0.0,0.0,0.0,0.0,3.0,0.0,
1168,E.ON,EOH2089,NE5,35.0,Working Full time (>30hrs),Skilled Manual Worker,"50,001+",2021-03-10T00:00:00.000Z,Owner-Occupied,3.0,C2,5.0,YES,,NO,,NO,,NO,,YES,Government grant / free,YES,,NO,,NO,,NO,,NO,,11/03/2021,Phoenix,House,Detached,Urban,1983 - 1990,D,2.0,2.0,2.0,127.0,6.0,4.0,11.0,2.4,Cavity_Insulated,Solid,Pitched,Double,Yes,Gas,Gas Boiler - Standard,None,Water,150,0.0,0.0,0.0,No,No,3300.0,24000.0,9.024,78.94,21862.9,3820.0,0.0,55.0,2.96,No,No,No,Yes,Hybrid,,,None Required,10973.0,,1527.0,14.3,3.8,Yes,,,05/05/2021,Phoenix,Hybrid,Separate_New Boiler,Daikin,EHY2KOMB32AA,4.0,R32,,,,,1.0,13.0,0.0,0.0,none,none,No,0.0,0.0,0.0,No,Yes,0.0,0.0,None,no,5912.2,,,3425.81,0.0,0.0,0.0,0.0,0.0,0.0,3.0,0.0,
1188,E.ON,EOH2365,NE15,43.0,Working Full time (>30hrs),Manager,"50,001+",2021-03-19T00:00:00.000Z,Owner-Occupied,16.0,AB,5.0,YES,,NO,,NO,,NO,,YES,Government grant / free,YES,,NO,,NO,,NO,,NO,,26/03/2021,Phoenix,House,Semi-Detached,Urban,1983 - 1990,,2.0,1.0,2.0,90.0,5.0,3.0,9.0,2.3,Cavity_Insulated,Suspended,Pitched,Double,Yes,Gas,Gas Boiler - Standard,None,Water,150,1.0,0.0,0.0,No,No,4900.0,7700.0,5.669,81.24,11389.0,4122.0,607.0,,,Yes,No,Yes,Yes,ASHP,,,None Required,11678.77,0.0,785.0,14.3,3.8,No,Other,,,,,,,,,,,,,,,,,,,,,,,,,,,,,,,,,,,,,,,,,,
1189,E.ON,EOH0303,NE15,59.0,Working Part time,Skilled Manual Worker,"20,001 - 25,000",2021-03-16T00:00:00.000Z,Owner-Occupied,7.0,C2,1.0,YES,,NO,,NO,,NO,,YES,potential for bill savings,NO,,NO,,NO,,NO,,NO,,16/03/2021,Phoenix,House,Semi-Detached,Urban,1983 - 1990,C,1.0,0.0,1.0,54.0,3.0,2.0,7.0,2.3,Cavity_Insulated,Suspended,Pitched,Double,Yes,Gas,Gas Boiler - Combi,None,None,,0.0,0.0,0.0,No,No,1100.0,6000.0,3.57,66.04,8645.9,2636.0,0.0,50.0,3.02,No,No,No,Yes with additional measures,Hybrid,,,Loft Insulation,9690.87,500.0,522.0,14.3,3.8,Yes,,,23/06/2021,Phoenix,Hybrid,Separate_New Boiler,Daikin,EHY2KOMB28AA,4.0,R32,,,,,1.0,8.0,0.0,0.0,none,barrier,No,0.0,0.0,0.0,No,Yes,0.0,0.0,None,no,5739.82,,,2501.0,0.0,500.0,0.0,0.0,0.0,0.0,2.0,0.5,
1206,E.ON,EOH2196,NE15,37.0,Working Full time (>30hrs),Professional,"50,001+",2021-03-17T00:00:00.000Z,Owner-Occupied,8.0,C1,5.0,NO,,NO,,YES,,NO,,YES,potential for bill savings,YES,,NO,,NO,,NO,,NO,,19/03/2021,Phoenix,House,Semi-Detached,Urban,1930 - 1949,,2.0,1.0,2.0,96.0,5.0,3.0,7.0,2.5,Cavity_Insulated,Suspended,Pitched,Double,Yes,Gas,Gas Boiler - Combi,Fire - Electric,None,,0.0,0.0,1.0,No,No,4460.0,19446.0,6.29,65.52,15244.0,3566.0,0.0,,,No,No,No,Yes,Hybrid,,,Barrier,9505.88,300.0,1055.0,14.3,3.8,Yes,,,09/07/2021,Phoenix,Hybrid,Separate_New Boiler,Daikin,EHY2KOMB28AA,4.0,R32,,,,,1.0,7.0,0.0,0.0,none,barrier,No,0.0,0.0,0.0,No,No,0.0,0.0,None,no,5739.0,,,2316.0,0.0,0.0,0.0,0.0,0.0,0.0,2.5,0.0,
1269,E.ON,EOH3000,NE20,72.0,Working Full time (>30hrs),Professional,"40,001 - 50,000",2021-04-14T00:00:00.000Z,Owner-Occupied,7.0,C1,5.0,YES,,NO,,NO,,NO,,NO,,YES,,NO,,NO,,NO,,NO,,11/05/2021,E.ON,House,Detached,Urban,1983 - 1990,D,2.0,0.0,2.0,131.0,6.0,4.0,11.0,2.4,Cavity_Insulated,Suspended,Pitched,Double,Yes,Gas,Gas Boiler - Combi,None,None,,0.0,0.0,1.0,No,No,4449.0,20714.0,8.504,64.92,20601.1,5225.0,768.0,49.0,3.2,Yes,No,Yes,Yes,ASHP,,,Cavity insulation,15909.11,700.0,1305.0,14.3,3.8,Yes,,,08/07/2021,Aaron services,ASHP,,Daikin,EDLQ016CAV3,16.0,R410A,,Water_new,250.0,,1.0,13.0,0.0,0.0,none,none,No,0.0,0.0,0.0,No,No,0.0,0.0,cavity,no,8214.98,1752.0,,4164.23,0.0,0.0,750.0,0.0,0.0,0.0,4.0,0.5,
1317,E.ON,EOH2667,NE25,44.0,Working Full time (>30hrs),Manager,"50,001+",2021-04-27T00:00:00.000Z,Owner-Occupied,2.0,C1,3.0,NO,,NO,,YES,,NO,,NO,,YES,,NO,,NO,,NO,,NO,,30/04/2021,E.ON,House,Detached,Urban,1967 - 1975,D,2.0,2.0,2.0,116.0,6.0,4.0,8.0,2.4,Cavity_Insulated,Suspended,Pitched,Double,Yes,Gas,Gas Boiler - Combi,None,None,,0.0,0.0,0.0,No,No,3934.0,15245.0,8.09,69.74,16233.3,4994.0,0.0,56.0,3.47,No,No,Yes,No,HT_ASHP,,,None Required,18119.84,,929.0,14.3,3.8,Yes,,,27/09/2021,Phoenix,HT_ASHP,,Daikin,EPRA14DAV3,14.0,R32,,PCM_New,,9.0,1.0,11.0,0.0,0.0,None,None,No,0.0,0.0,0.0,Yes,No,0.0,0.0,None,no,9047.38,3500.65,,3794.25,,0.0,0.0,0.0,0.0,0.0,3.0,,
1327,E.ON,EOH1255,NE3,64.0,Working Full time (>30hrs),Manager,"30,001 - 40,000",2021-04-29T00:00:00.000Z,Owner-Occupied,25.0,C1,4.0,YES,,NO,,NO,,NO,,YES,Potential for bill savings,NO,,NO,,NO,,NO,,NO,,10/05/2021,Phoenix,House,Mid-Terrace,Urban,1950 - 1966,,2.0,0.0,2.0,87.0,6.0,3.0,7.0,2.5,Cavity_Insulated,Suspended,Pitched,Double,Yes,Gas,Gas Boiler - Combi,None,None,,0.0,0.0,1.0,No,No,3600.0,24000.0,5.684,61.78,7990.4,3515.0,0.0,50.0,3.02,No,No,No,Yes,Hybrid,,,Loft insulation,10060.85,500.0,560.0,14.3,3.8,Yes,,,06/09/2021,Phoenix,Hybrid,Separate_New Boiler,Daikin,EJHA04AAV3,4.0,R32,,,,,1.0,9.0,0.0,0.0,None,None,No,0.0,0.0,0.0,No,Yes,0.0,0.0,None,no,5739.82,,,2685.85,,500.0,0.0,0.0,0.0,0.0,3.0,,
1344,E.ON,EOH2933,NE3,65.0,Retired,Pensioner,"16,201 - 20,000",2021-05-19T00:00:00.000Z,Owner-Occupied,10.0,DE,1.0,NO,,NO,,NO,,NO,,NO,,YES,,NO,,NO,,NO,,NO,,03/06/2021,Phoenix,House,Semi-Detached,Urban,1950 - 1966,C,1.0,0.0,1.0,97.0,5.0,2.0,9.0,2.6,Cavity_Insulated,Suspended,Pitched,Double,Yes,Gas,Gas Boiler - Combi,None,None,,0.0,0.0,0.0,No,No,1749.0,12275.0,7.02,76.7,8382.7,2865.0,0.0,55.0,2.96,No,No,No,Yes,Hybrid,,,Barrier,10868.48,300.0,346.0,14.3,3.8,Yes,,,27/09/2021,Phoenix,Hybrid,Separate_New Boiler,Daikin,EJHA04AAV3,4.0,R32,,,,,1.0,9.0,0.0,0.0,None,None,No,0.0,0.0,0.0,No,No,0.0,0.0,None,no,5739.82,,,3793.48,,0.0,0.0,0.0,0.0,0.0,2.0,,
2282,OVO,EOH2283,KT22,62.0,Retired,Pensioner,"40,001 - 50,000",2020-01-07T00:00:00.000Z,Owner-Occupied,17.0,DE,1.0,Yes,Keen to help environment and interested,Yes,,No,thinking upgrading water,No,,Yes,,Yes,,Yes,,No,,No,,No,,25/09/2020,Restricted Data,House,Detached,Suburban,1965-1980,,2.0,0.0,1.0,102.62,4.0,3.0,5.0,2.41,Cavity_Insulated,Solid,Pitched,Double,Yes,Gas,Gas - Warm air,Fire - Wood,Water,100,0.0,1.0,1.0,Yes - Borehole,Yes,6885.0,14433.0,5.51,61.15,11690.0,2696.92,3203.0,50.0,3.43,Yes,No,No,No,ASHP,,,Heat Emitters,13259.15,4824.02,580.0,12.0,5.0,Yes,,,25/01/2021,Elite Renewables,ASHP,,Daikin,ERGA08DVA,8.0,R32,,Water_New,130.0,,1.0,0.0,6.0,0.0,None,None,No,0.0,0.0,0.0,No,No,0.0,0.0,None,No,6294.93,1147.34,6479.84,5065.22,0.0,0.0,0.0,0.0,0.0,0.0,15.5,6.0,
2498,OVO,EOH1472,GU34,36.0,Working Full time (>30hrs),Semi and unskilled manual worker,"40,001 - 50,000",2020-07-13T00:00:00.000Z,Owner-Occupied,6.0,C2,4.0,Yes,"Whilst keen to reduce my household environmental impact, my primary concern is with improving local air quality. As our home is heated either with Gas or from a small Wood Burner, anything we can do to reduce our emissions at the same time as reducing our bills is worth investigating.",Yes,"Electrical heating with heat pumps is clearly going to be the future of domestic heating. Currently though, its a big investment to replace Gas Central heating with a HP system. Projects like this one, as well as other means of government support, are important to get this industry off the ground and into the mainstream.",Yes,"Whilst there is nothing currently faulty with our home heating, a HP system would reduce our contribution to local air pollution and hopefully show other local residents that such options exist.",No,,Yes,"Clearly this is a factor. It would not be financially viable for us to consider changing our current Gas boiler. A free heating system upgrade would also help us to afford the investment into Solar PV, something we would love to be able to add.",Yes,Now feels like exactly the right time to be an early adopter of this technology.,Yes,"Without support, projects like these would not get the traction that they need to take the industry into the mainstream and reduce domestic heating GHG emissions across the whole country.",No,,No,,No,,24/10/2020,Retrofitworks,House,Semi-Detached,Suburban,1919-1944,E,2.0,2.0,2.0,97.5,5.0,3.0,5.0,2.53,Solid_No_insulation,Suspended,Pitched,Double,Yes,Gas,Gas Boiler - Standard,Fire - Wood,Water,140,0.0,0.0,0.0,Yes - Borehole,Yes,6300.0,22831.0,5.26,53.76,14964.81,4745.0,1049.78,45.0,3.56,Yes,No,Yes,Yes,ASHP,,,,10655.0,0.0,936.3,14.0,5.0,Yes,,,19/01/2021,Northern Gas,ASHP,,Daikin,EDLQ07CV3,7.0,R410A,,Water_New,200.0,,1.0,0.0,0.0,0.0,None,None,No,0.0,0.0,0.0,No,No,0.0,0.0,None,No,5564.44,1792.59,3153.01,0.0,0.0,0.0,0.0,0.0,0.0,0.0,4.0,0.0,
