Delivery_Contractor,Property_ID,Postcode_1,Participant_Age,EmployStatus,EmployType,HouseIncome,Date_Contact,Tenure,Tenure_Length,Social_Group,HP_Awareness,Reason_Sustainability,Sustainability_exp,Reason_Future,Future_exp,Reason_Upgrade,Upgrade_exp,Reason_Building,Building_exp,Reason_Financial,Financial_exp,Reason_Technology,Technology_exp,Reason_Research,Research_exp,Reason_Planned,Planned_exp,Reason_Replacement,Replacement_exp,Reason_Other,Other_exp,Date_Survey,Name_Survey,House_Type,House_Form,House_Env,House_Age,House_SAP,No_Adults,No_Child,No_Storeys,Total_Floor_Area,Habitable_Rooms,Bedrooms,Heated_rooms,Floor_Height,Wall_Type,Floor_Type,Roof_Type,Glazed_Type,Mains_Gas_Flag,Main_Fuel,Heat_Primary_Source,Heat_Secondary_Source,TS_Existing,TS_Existing_Size,No_Underfloor,Existing_Fires,Existing_Cooking,Outside_Space,Outside_Access,Elec_currentuse,Gas_currentuse,MCS_SHLoad,MCS_Hloss,MCS_SHAnnual,MCS_DHWAnnual,MCS_Immersion,MCS_Flow_Temp,MCS_SCOP,Suit_ASHP,Suit_GSHP,Suit_HTASHP,Suit_Hybrid,HP_Recommend,HP_NoRec_R1,HP_NoRec_R2,Measures_Recommend,EstCost_System,EstCost_Ancillary,EstCost_Running,EstCost_Etariff,EstCost_Gtariff,Part_Install_Decision,Part_No_Reason1,Part_No_Reason2,Date_Installation,Name_Install,HP_Installed,HP_Installed_Detail,HP_Brand,HP_Model,HP_Size_kW,HP_Refrigerant,GSHP_Space,TS_Type,TS_Water_Size,TS_PCM_Size,HP_Control_Zones,Measures_emitters_LT,Measures_emitters_Std,Measures_Fanassist,HP_Aesthetic,HP_Noise,Cooling,Cooling_Rooms,Fires_replaced,Cook_Replaced,Gas_disconnect,Measures_Loft,Measures_Windows,Measures_Doors,Measures_WI,Measures_DP,Cost_HP,Cost_TS,Cost_Install,Cost_Emitters,Cost_Cooling,Cost_LI,Cost_WI,Cost_Window,Cost_Door,Cost_DP,Install_time_HP,Install_time_measures,Comment
OVO,EOH1765,KT18,66.0,Unemployed,Unemployed/Benefits,Prefer not to say,2021-06-09T00:00:00.000Z,Rented (Social),11.0,DE,1.0,Yes,,Yes,,Yes,,Yes,,Yes,,Yes,,Yes,,Yes,,Yes,,Yes,,14/03/2021,Retrofitworks,Flat,Flat,Urban,1991-2000,C,1.0,0.0,1.0,48.0,2.0,1.0,3.0,2.38,Cavity_Insulated,Suspended,Pitched,Double,No,Electricity,Electric - Storage,Electric - Storage,Water,100,0.0,0.0,0.0,Yes - Borehole,Yes,,,2.257,36.0,4417.0,1750.0,0.0,,,No,Yes with additional measures,No,No,GSHP,,,Heat Emitters,15920.96,3887.25,320.96,17.0,,Yes,,,31/07/2021,Kensa,GSHP,Shared_Groundloop,Kensa,S6-P0K,3.0,R134a,,PCM_New,,10.5,1.0,0.0,5.0,0.0,None,None,No,0.0,0.0,0.0,No,No,0.0,0.0,None,No,2907.89,1982.51,8530.78,3887.25,0.0,0.0,0.0,0.0,0.0,0.0,3.0,0.0,
OVO,EOH1310,RH7,53.0,Working Full time (>30hrs),Clerical,Prefer not to say,2020-07-29T00:00:00.000Z,Owner-Occupied,7.0,C1,3.0,Yes,,Yes,,Yes,My home is currently heated by a gas boiler older than 10 years and I would like to replace this using a renewable heat method.,No,,Yes,"As I will have insulation issues to address also, this would help in a big way.",Yes,I am keen to adopt the use all new technology enabling a greener environment.,Yes,,Yes,,Yes,,No,,25/01/2021,Retrofitworks,House,Detached,Suburban,1945-1964,,2.0,0.0,2.0,100.56,5.0,3.0,7.0,2.4,Cavity_Insulated,Solid,Pitched,Double,Yes,Gas,Gas Boiler - Standard,None,Water,130,0.0,1.0,0.0,No,No,,,,,,,,,,,,,,None - Installation not recommended,Programme_TargetMet,,,,,,,,,,,,,,,,,,,,,,,,,,,,,,,,,,,,,,,,,,,,,,,,,,,
E.ON,EOH2969,NE3,,Prefer not to say,Prefer not to say,Prefer not to say,2020-09-24T00:00:00.000Z,Rented (Social),0.9,DE,1.0,NO,,NO,,YES,opportunity to replace elec storage heaters,NO,,YES,lower bills from elec storage heaters,NO,,NO,,NO,,NO,,NO,,11/01/2021,E.ON,Flat,Flat,Suburban,1967 - 1975,,1.0,0.0,1.0,37.6,2.0,1.0,5.0,2.3,Solid_Insulated,Solid,Pitched,Double,No,Electricity,Electric - Storage,None,Water,80,0.0,0.0,0.0,Yes - Borehole,Yes,,,2.463,65.5,6056.0,1910.0,191.0,,,No,Yes,No,No,GSHP,,,None Required,,14707.5,351.09,14.3,,Yes,,,22/10/2021,Groundheat,GSHP,Shared_Groundloop,Vaillant,20260514,3.0,R410A,900.0,Water_new,100.0,,1.0,6.0,0.0,0.0,none,none,No,0.0,0.0,0.0,No,No,0.0,0.0,None,no,11605.06,1702.0,,2130.0,0.0,0.0,0.0,0.0,0.0,0.0,84.0,0.0,
E.ON,EOH1108,ne3,40.0,Working Full time (>30hrs),Skilled Manual Worker,"30,001 - 40,000",2021-01-25T00:00:00.000Z,Owner-Occupied,2.0,C2,4.0,YES,,,,YES,,NO,,YES,,NO,,NO,,NO,,NO,,NO,,15/02/2021,Phoenix,House,Semi-Detached,Urban,1950 - 1966,D,2.0,0.0,2.0,94.0,6.0,4.0,11.0,2.4,Cavity_Insulated,Suspended,Pitched,Double,Yes,Gas,Gas Boiler - Combi,None,None,,0.0,0.0,1.0,No,No,,,6.48452,70.48,15679.6,5153.0,759.0,,,Yes,No,Yes,Yes,ASHP,,,Loft Insulation and Barrier,12048.75,1000.0,1050.0,14.3,3.8,No,Practical_DisruptionWorks,,,,,,,,,,,,,,,,,,,,,,,,,,,,,,,,,,,,,,,,,,
Warmworks,EOH0524,TD4,33.0,Working Part time,Professional,"12,501 - 16,200",2021-05-14T00:00:00.000Z,Rented (Social),11.0,C2,4.0,No,,No,,No,,No,,No,,No,,No,,No,,No,,Yes,,05/08/2021,Warmworks,House,Detached,Suburban,1965-1980,F,,,2.0,68.26,4.0,2.0,4.0,2.45,Cavity_Insulated,Suspended,Pitched,Double,No,,Electric - Direct,None,Water,Normal (90-130l),0.0,0.0,0.0,No,No,,,4.7,79.0,13931.0,2953.0,0.0,50.0,3.58,Yes,No,Yes,No,ASHP,,,,,,704.34,18.0,5.0,Yes,,,16/08/2021,Everwarm,ASHP,,Mitsubishi,PUHZ-W50VHA2,5.0,R410A,0.0,Water_New,150.0,,1.0,8.0,,0.0,None,Low Noise Heat Pump,No,0.0,0.0,0.0,No,No,0.0,0.0,None,No,7655.16,3508.272,1610.23,2164.6,,,,,,,2.0,0.0,
Warmworks,EOH0559,G45,36.0,Working Full time (>30hrs),Professional,"50,001+",2020-08-10T00:00:00.000Z,Owner-Occupied,4.0,AB,3.0,Yes,,No,,No,,No,,No,,Yes,,Yes,,No,,No,,No,,21/09/2020,Warmworks,House,Mid-Terrace,Urban,2001+,C,2.0,0.0,2.0,68.76,3.0,2.0,3.0,2.6,Cavity_Insulated,Suspended,Pitched,Double,Yes,Gas,Gas Boiler - Standard,None,Water,Medium (131-170l),0.0,0.0,0.0,No,No,,,2.9,55.0,1904.0,1371.0,3.0,45.0,3.93,Yes,No,Yes,Yes,ASHP,,,,,,462.0,13.0,4.0,Yes,,,22/02/2021,Montali Energy Services Ltd,ASHP,,Mitsubishi,PUHZ-W50VHA2,5.0,R410A,0.0,Water_New,150.0,,1.0,8.0,,0.0,None,Low Noise Heat Pump,No,0.0,0.0,0.0,Yes,No,0.0,0.0,None,No,7655.16,3508.27,1610.23,2164.61,,,,,,,2.0,0.0,
OVO,EOH2699,ME9,37.0,Working Full time (>30hrs),Professional,"50,001+",2020-12-24T00:00:00.000Z,Owner-Occupied,,C1,4.0,Yes,,Yes,,Yes,,Yes,,Yes,,Yes,,Yes,,Yes,,Yes,,Yes,To reduce my bills and carbon footprint,22/01/2021,Retrofitworks,House,End-Terrace,Rural,1965-1980,,2.0,0.0,3.0,114.069,7.0,3.0,7.0,2.3,Cavity_No_insulation,Mix,Pitched,Double,No,Electricity,Electric - Storage,None,Water,150,0.0,0.0,0.0,No,No,,,6.07,53.21,15244.55,6205.0,1951.26,,,Yes,No,Yes,Yes,ASHP,,,Heat Emitters,10746.15,2000.0,874.37,14.0,,Yes,,,27/01/2021,Dawsetway,ASHP,,Mitsubishi,PUZ-WM85VAA,8.5,R32,,Water_New,250.0,,1.0,0.0,0.0,0.0,None,Low Noise Heat Pump,No,0.0,0.0,0.0,No,No,0.0,0.0,None,No,5602.0,2498.0,4900.0,0.0,0.0,0.0,0.0,0.0,0.0,0.0,18.0,0.0,
OVO,EOH0653,KT18,75.0,Retired,Pensioner,Prefer not to say,2021-06-09T00:00:00.000Z,Rented (Social),8.0,C2,1.0,Yes,,Yes,,Yes,,Yes,,Yes,,Yes,,Yes,,Yes,,Yes,,Yes,,14/03/2021,Retrofitworks,Flat,Flat,Urban,1991-2000,C,1.0,0.0,1.0,48.0,2.0,1.0,3.0,2.38,Cavity_Insulated,Suspended,Pitched,Double,No,Electricity,Electric - Storage,Electric - Storage,Water,100,0.0,0.0,0.0,Yes - Borehole,Yes,,,2.59,36.0,5377.0,1798.0,0.0,,,No,Yes with additional measures,No,No,GSHP,,,Heat Emitters,15920.96,3887.25,320.96,17.0,,Yes,,,24/07/2021,Kensa,GSHP,Shared_Groundloop,Kensa,S6-P0K,3.0,R134a,,PCM_New,,10.5,1.0,0.0,5.0,0.0,None,None,No,0.0,0.0,0.0,No,No,0.0,0.0,None,No,2907.89,1982.51,8530.78,3887.25,0.0,0.0,0.0,0.0,0.0,0.0,3.0,0.0,
OVO,EOH3177,RH17,,Working Full time (>30hrs),Supervisor,Prefer not to say,2021-03-05T00:00:00.000Z,Owner-Occupied,3.0,AB,4.0,Yes,,Yes,,Yes,,Yes,,Yes,,Yes,,Yes,,Yes,,Yes,,No,,10/05/2021,Retrofitworks,House,Semi-Detached,Rural,Pre 1919,,2.0,0.0,2.0,130.0,5.0,3.0,6.0,2.4,Cavity_Insulated,Solid,Pitched,Double,No,Electricity,Electric - Storage,None,Water,170,0.0,0.0,0.0,No,No,,,6.522,57.25,18389.0,4839.0,108.0,50.0,3.64,Yes,No,Yes,No,ASHP,,,,13288.78,0.0,1065.0,16.0,,Yes,,,02/06/2021,A Greener Alternative,ASHP,,Mitsubishi,PUZ-WM85VAA,8.5,R32,,Water_New,250.0,,1.0,0.0,0.0,0.0,None,Low Noise Heat Pump,No,0.0,0.0,0.0,No,No,0.0,0.0,None,No,5677.83,2445.95,4380.0,0.0,0.0,0.0,0.0,0.0,0.0,0.0,3.0,0.0,
Warmworks,EOH0769,TD6,73.0,Retired,Pensioner,"30,001 - 40,000",2020-10-08T00:00:00.000Z,Owner-Occupied,41.0,DE,2.0,Yes,,No,,Yes,,No,,Yes,,No,,No,,No,,No,,No,,14/04/2021,Warmworks,House,Detached,Rural,1965-1980,C,3.0,0.0,2.0,119.94,6.0,3.0,5.0,2.38,Cavity_Insulated,Suspended,Pitched,Double,No,,Electric - Direct,None,Water,Large (> 170l),0.0,0.0,0.0,No,No,13854.0,,8.1,73.5,20751.0,3937.0,0.0,45.0,4.14,Yes,No,Yes,No,ASHP,,,,,,985.5,18.0,5.0,Yes,,,21/06/2021,Everwarm,ASHP,,Mitsubishi,PUZ-WM85VAA-BS,8.5,R32,0.0,Water_New,200.0,,1.0,11.0,,0.0,None,Low Noise Heat Pump,No,0.0,0.0,0.0,No,No,0.0,0.0,None,No,8575.73,3572.208,1610.23,2976.33,,,,,,,2.0,0.0,
Warmworks,EOH2516,TD7,44.0,Working Part time,Clerical,"12,501 - 16,200",2020-10-02T00:00:00.000Z,Owner-Occupied,5.0,DE,3.0,Yes,,Yes,,No,,No,,No,,No,,Yes,,No,,No,,No,,05/05/2021,Warmworks,House,End-Terrace,Rural,1945-1964,E,2.0,2.0,2.0,98.9,5.0,3.0,5.0,2.5,Cavity_Insulated,Solid,Pitched,Double,No,Electricity,Electric - Storage,Electric - Direct,Water,Normal (90-130l),0.0,0.0,0.0,No,No,,,5.8,67.0,17615.0,3937.0,0.0,50.0,3.81,Yes,No,Yes,No,ASHP,,,,,,836.64,18.0,5.0,Yes,,,09/08/2021,Everwarm,ASHP,,Mitsubishi,PUZ-WM85VAA,8.5,R32,0.0,Water_New,200.0,,1.0,11.0,,0.0,None,Low Noise Heat Pump,No,0.0,0.0,0.0,No,No,0.0,0.0,None,No,8575.73,3572.208,1610.23,2976.33,,,,,,,2.0,0.0,
Warmworks,EOH2133,TD1,40.0,Working Full time (>30hrs),Semi and unskilled manual worker,Prefer not to say,2020-10-06T00:00:00.000Z,Rented (Social),1.0,DE,2.0,No,,No,,No,,No,,No,,No,,No,,No,,No,,Yes,Social housing referral,30/10/2020,Warmworks,Flat,Flat,Suburban,1945-1964,D,2.0,1.0,1.0,68.92,3.0,2.0,3.0,,Cavity_Insulated,Solid,Pitched,Double,,,Electric - Storage,None,Water,Normal (90-130l),0.0,0.0,0.0,No,No,,,5.0,104.0,9994.0,2697.0,156.0,50.0,3.58,Yes,No,Yes,Yes,ASHP,,,,,,589.0,14.0,,Yes,,,20/01/2021,TK Murray,ASHP,,Mitsubishi,PUHZ-W50VHA2,5.0,R410A,0.0,Water_New,150.0,,1.0,7.0,,0.0,None,Low Noise Heat Pump,No,0.0,0.0,0.0,,No,0.0,0.0,None,No,7655.16,3508.27,1610.23,1894.03,,,,,,,2.0,0.0,
OVO,EOH2959,KT18,68.0,Retired,Pensioner,Prefer not to say,2021-06-09T00:00:00.000Z,Rented (Social),10.0,DE,1.0,Yes,,Yes,,Yes,,Yes,,Yes,,Yes,,Yes,,Yes,,Yes,,Yes,,14/03/2021,Retrofitworks,Flat,Flat,Urban,1991-2000,D,1.0,0.0,1.0,47.0,2.0,1.0,3.0,2.38,Cavity_Insulated,Suspended,Pitched,Double,No,Electricity,Electric - Storage,Electric - Storage,Water,100,0.0,0.0,0.0,Yes - Borehole,Yes,,,2.664,36.0,5525.0,1798.0,0.0,,,No,Yes with additional measures,No,No,GSHP,,,Heat Emitters,15920.96,3887.25,320.96,17.0,,Yes,,,24/07/2021,Kensa,GSHP,Shared_Groundloop,Kensa,S6-P0K,3.0,R134a,,PCM_New,,10.5,1.0,0.0,5.0,0.0,None,None,No,0.0,0.0,0.0,No,No,0.0,0.0,None,No,2907.89,1982.51,8530.78,3887.25,0.0,0.0,0.0,0.0,0.0,0.0,3.0,0.0,
Warmworks,EOH2943,EH4,43.0,Working Full time (>30hrs),Professional,"40,001 - 50,000",2020-08-09T00:00:00.000Z,Owner-Occupied,11.0,AB,1.0,Yes,,Yes,,No,,No,,No,,Yes,,No,,No,,No,,No,,26/04/2021,Warmworks,House,End-Terrace,Suburban,1945-1964,D,1.0,0.0,2.0,78.57,5.0,3.0,5.0,2.65,Cavity_No_insulation,Suspended,Pitched,Double,Yes,Gas,Gas Boiler - Combi,None,None,,0.0,1.0,1.0,No,No,,,,,,,,,,Yes with additional measures,No,Yes with additional measures,Yes,HT_ASHP,,,,,,,,,No,Economic_RunningCosts,,,,,,,,,,,,,,,,,,,,,,,,,,,,,,,,,,,,,,,,,,
OVO,EOH0425,MK5,57.0,Working Full time (>30hrs),Professional,"50,001+",2020-08-01T00:00:00.000Z,Owner-Occupied,19.0,AB,3.0,Yes,,Yes,,Yes,I looked at a heat pump to replace my central heating boiler and provide air conditioning.  The expense was too much.,No,,Yes,,Yes,Ive thought about solar panels but not happy with the way they look.,Yes,,No,,No,Our boiler is approximately 15 years old and I also would like to relocate it from the kitchen to the toilet or garage.  Thats the reason I was considering an air pump to replace it.,,,02/03/2021,Retrofitworks,House,Detached,Suburban,1991-2000,,2.0,0.0,2.0,167.69,8.0,5.0,8.0,2.5,Cavity_Insulated,Solid,Pitched,Double,Yes,Gas,Gas Boiler - Standard,None,Water,170,0.0,1.0,1.0,No,No,,,,,,,,,,,,,,None - Installation not recommended,Programme_TargetMet,,,,,,,,,,,,,,,,,,,,,,,,,,,,,,,,,,,,,,,,,,,,,,,,,,,
OVO,EOH2143,TN31,58.0,Unemployed,Unemployed/Benefits,"0 - 12,500",2020-08-14T00:00:00.000Z,Owner-Occupied,9.0,DE,4.0,Yes,,Yes,"I think it would be great if this property, which is a typical example of the poorly insulated building practice of its period (1969/70 - an era where residents were expected to consume huge amounts of cheap fossil fuel) could be made into an example of modern best renewable practice. Of course it would make the property more future proof, and that would be great - but I also see it as payback. I can remember as a boy that my mother would run 5 electric radiators 24/7 as well a coal fire to heat this house in winter back in the 1970s when fuel was cheap. And that was all playing its part in todays climate problems. 40 years on I run just the 1 radiator at the minimum level I can put up with and wear sometimes 5 layers of clothing to try and keep warm. It would actually be rather nice instead to be comfortable, but helping save the planet as well.",Yes,"As already outlined, there is *no* central heating system in the property, and this is a situation that badly needs to be addressed, but in a sustainable way (please NOTE that in one of the earlier questions you asked what the system was, but there was no option to say there was none, so I was forced to tick boiler even though there is *no* boiler).\nI had not properly realised, until researching it during the lockdown period, how far heat pumps have now advanced compared to solar electricity generation, and how they can provide a total solution for space and water heating, and even cooling in summer. Now that I realise how their use has progressed around the world (e.g. Canada) I am convinced they are a good solution for my property, and something that should be encouraged nationally.",Yes,"Like many people during the Coronavirus situation, I have been using this enforced isolation to try to improve the property, but lacking any resources to pay contractors, have been limited to tasks such as decorating that I can undertake myself. But the heating of the property is a very urgent situation, as it is effectively unliveable in winter. Since the primary heating has always had to be by plug-in radiators, to heat the property to any degree of comfort would be unaffordably expensive and also environmentally damaging. But without such heating there are frequent occurrances of condensation, mould and mildew as well as the adverse effect on my comfort and wellbeing of being deprived of the use of the unheated rooms. These issues have become increasingly severe in the 9 years I have lived in the property, but on the positive side there are now renewable technologies available that were not a decade ago, and it would be ideal to go down that route if at all possible.",Yes,"Given that I am currently in receipt of Universal Credit and have no savings, it is simply impossible to install a renewable heating system any other way, placing me in effective fuel poverty and with the most expensive heating system possible (plug-in electric). Each year I have hated the arrival of cold winter months, knowing there is no sensible way to heat the house - and of course I have noticed, since moving to Rye from London 9 years ago, that the temperatures in the countryside are distinctly lower in winter than they are in cities.\nSo in short, it is both the fact that the property has no central heating (which I lack the means to install) AND the fact that a renewable system would reduce the running costs to close to zero, that makes a free heat pump system something that be quite transformative for me and an immense help .",Yes,"I think one of the most intruiging features of heat pumps - which adds to my interest in installing one, but I think its overlooked and important anyway -  is the ability to cool in summer as well as heat in winter, and to do both of these things renewably (ideally with solar PV to run the compressor). And that is not just a question of comfort - if we fail to address emissions properly, then we will need more cooling during hotter summers, which in turn could be a source of further emissions. As an example of this, a dear friend in London told me this week that during the recent heatwave her partner had brought some plug-in air coolers to her flat - she is currently replacing a boiler, so I recommended she at least consider a heat pump. I couldnt persuade her - largely because she thinks it would probably be forbidden in a leashold flat -  but that conversation focussed my attention even more on how good a solution a heat pump would be for myself, compared to say a biomass boiler. I remember the heatwave of 1976, and the heatwave last week was only a small taste of that, but also a sign of things to come in the future.",Yes,"I think this is an excellent initiative, and I am impressed that OVO is taking a lead with it. I think a project like this, especially if the favourable effects are well-publicised, can do a lot to shape public perceptions, so that we stop thinking of a gas boiler as the normal and something renewable as somehow weird. I am keen to support and take part in it, not only because it would help meet an urgent need for my own house and welfare, but also because aligns with the views I hold on responsibly using resources and protecting the environment for the future.",Yes,"Well its both yes and no! I would very much like to install a heat pump, but see no way to afford it in the forseeable future given my circumstances. I am of course looking very carefully at the Green Homes Grant scheme, but the details of this are very sketchy for now, and I doubt that the support available would cover the cost of the installation, given that there is no existing central heating system to connect to. That is to say, assuming that I would qualify for vouchers to the level of ï¿½10k, the costs of additional insulation measures needed before a heat pump could be installed (cavity insulation, possibly underfloor insulation, double glazing) would themselves be subtracted from the 10k total, leaving insufficient funds for the heat pump itself, which would be more than usually expensive because of the need to retrofit radiators and pipework. So I can foresee that whole route falling through. And of course we do not yet know whether the scheme will be able to be rolled out effectively for all interested applicants and in what timeframe. So I think it highly unlikely that the Green Homes scheme will be of help in this instance - at best it might be a route to a solar water heating installation (helpful of course, but what is desperately needed is renewable space heating as well as water).",Yes,"As already set out, there is no heating system - only plug-in radiators and a fireplace in the living room. These properties (there are 70 identical in the area) were built in a very different era, in 1969, just before the oil price shock, with the expectation that fossil fuels would always be cheap sources of heating, and were fitted with minimal insulation. Central heating was a luxury add-on when they were constructed, but was never installed in the property (it was my mothers house until she died in 2008). The lack of a heating system has become increasingly problematic since I have lived here - in the colder months I have to effectively live in my bedroom on the upper floor as this can be kept warmer by the roof insulation - but the discomfort this has created for me will have been more tolerable if it is now possible to install a system that will not be environmentally harmful.",Yes,"I have touched on this reason above, but it is worth expanding on. It is quite likely that we may face a winter of semi-lockdown with the virus situation, and already we have all probably taken a long hard look at our living conditions in the period we have been confined to our homes. Being of a somewhat  vulnerable age group (there have been many hospitalisations of males in the 55-60 age group) I have been confining myself largely to the house. That is one thing in summer, when the temperature indoors is comfortable. But I dread the prospect of months of semi-isolation in a property with no central heating, no affordable means of heating, and where I am obliged in winter to live largely in one room to keep at all warm. It would make such a difference to enjoy the amenity of a sustainably and comfortably heated house. It would make a very great difference to my life and state of mind.",25/01/2021,Retrofitworks,House,End-Terrace,Suburban,1965-1980,,1.0,0.0,2.0,70.9,4.0,1.0,1.0,2.35,Cavity_No_insulation,Suspended,Pitched,Single,No,Electricity,Electric - Warm air,None,Water,130,0.0,0.0,0.0,No,No,,,,,,,,,,,,,,None - Installation not recommended,Programme_TargetMet,,,,,,,,,,,,,,,,,,,,,,,,,,,,,,,,,,,,,,,,,,,,,,,,,,,
Warmworks,EOH2212,TD4,44.0,Working Part time,Professional,Prefer not to say,2020-07-22T00:00:00.000Z,Rented (Social),23.0,C2,1.0,No,,No,,No,,No,,No,,No,,No,,No,,No,,Yes,REFERRED BY HOUSING ASSOCIATION,28/08/2020,Warmworks,House,Mid-Terrace,Suburban,1945-1964,E,1.0,2.0,2.0,71.5,3.0,2.0,3.0,2.45,Cavity_Insulated,Suspended,Pitched,Double,,Electricity,Electric - Direct,None,Water,Normal (90-130l),0.0,0.0,0.0,No,No,10823.0,,5.0,68.0,10504.0,2697.0,156.0,50.0,3.15,Yes,No,Yes,No,ASHP,,,,,,617.0,14.0,,Yes,,,08/01/2021,TK Murray,ASHP,,Vaillant,VWL 55/3 A 230V,5.0,R410A,0.0,Water_New,150.0,,1.0,8.0,,0.0,None,Low Noise Heat Pump,No,0.0,0.0,0.0,,No,0.0,0.0,None,No,7655.16,3508.27,1610.23,2164.61,,,,,,,1.0,0.0,
E.ON,EOH0358,NE15,55.0,Working Full time (>30hrs),Skilled Manual Worker,Prefer not to say,2020-12-08T00:00:00.000Z,Owner-Occupied,23.0,C2,5.0,YES,,NO,,NO,,NO,,NO,,YES,already looking into heat pumps,NO,,NO,,NO,,NO,,10/02/2021,Phoenix,House,Semi-Detached,Urban,1967 - 1975,,2.0,2.0,2.0,135.0,6.0,2.0,12.0,2.5,Cavity_Insulated,Solid,Pitched,Double,Yes,Gas,Gas Boiler - Combi,None,None,,0.0,0.0,0.0,No,No,,,7.49,65.16,15052.7,4152.0,637.0,50.0,3.2,Yes,No,Yes,Yes,ASHP,,,Loft Insulation and Barrier,11644.21,750.0,1039.0,14.3,3.8,Yes,,,13/09/2021,Phoenix,ASHP,,Daikin,EDLQ011CAV3,11.0,R410A,,Water_new,300.0,,1.0,6.0,0.0,0.0,None,None,No,0.0,0.0,0.0,Yes,Yes,0.0,0.0,None,no,6364.21,1752.34,,2500.09,,500.0,0.0,0.0,0.0,0.0,2.0,,
Warmworks,EOH1279,EH46,53.0,Working Part time,Skilled Manual Worker,Prefer not to say,2021-06-28T00:00:00.000Z,Rented (Social),20.0,C2,3.0,No,,No,,Yes,,No,,Yes,,No,,No,,No,,Yes,,No,,19/07/2021,Warmworks,House,End-Terrace,Suburban,2001+,D,2.0,2.0,2.0,89.6,4.0,3.0,4.0,2.4,Cavity_Insulated,Solid,Pitched,Double,,Electricity,Electric - Storage,Electric - Direct,Water,Large (> 170l),0.0,0.0,0.0,No,No,,,7.0,60.0,9419.0,3623.0,0.0,50.0,3.65,Yes,No,Yes,No,ASHP,,,,,,746.0,14.0,,Yes,,,09/09/2021,TK Murray,HT_ASHP,,Vaillant,VWL 75/6 A 230V S2,7.0,R290,0.0,Water_New,200.0,,1.0,,11.0,0.0,None,Low Noise Heat Pump,No,0.0,0.0,0.0,,No,0.0,0.0,None,No,11215.17,3572.208,1610.23,2976.33,,,,,,,2.0,0.0,
E.ON,EOH0443,NE3,,Prefer not to say,Prefer not to say,Prefer not to say,2020-09-24T00:00:00.000Z,Rented (Social),0.9,DE,1.0,NO,,NO,,YES,opportunity to replace elec storage heaters,NO,,YES,lower bills from elec storage heaters,NO,,NO,,NO,,NO,,NO,,11/01/2021,E.ON,Flat,Flat,Suburban,1967 - 1975,,1.0,0.0,1.0,37.6,2.0,1.0,5.0,2.3,Solid_Insulated,Solid,Pitched,Double,No,Electricity,Electric - Storage,None,Water,80,0.0,0.0,0.0,Yes - Borehole,Yes,,,2.463,65.5,6056.0,1910.0,191.0,,,No,Yes,No,No,GSHP,,,None Required,,14707.5,351.09,14.3,,Yes,,,22/10/2021,Groundheat,GSHP,Shared_Groundloop,Vaillant,20260514,3.0,R410A,900.0,Water_new,100.0,,1.0,5.0,0.0,1.0,none,none,No,0.0,0.0,0.0,No,No,0.0,0.0,None,no,11605.06,1702.0,,2701.78,0.0,0.0,0.0,0.0,0.0,0.0,84.0,0.0,
E.ON,EOH2657,NE5,32.0,Working Full time (>30hrs),Manager,"16,201 - 20,000",2020-09-30T00:00:00.000Z,Owner-Occupied,2.0,C1,1.0,YES,,NO,,NO,,NO,,YES,Interested in bill savings opportunity,NO,,NO,,NO,,NO,,NO,,19/10/2020,Phoenix,House,Semi-Detached,Urban,1983 - 1990,D,1.0,0.0,2.0,39.0,2.0,1.0,6.0,2.4,Cavity_Insulated,Solid,Pitched,Double,No,Electricity,Electric - Storage,None,Water,110,0.0,0.0,0.0,No,No,,,3.289,102.78,6163.8,2253.0,181.0,,,Yes,No,Yes,Yes,ASHP,,,None Required,10760.4,0.0,302.0,14.3,3.8,No,Other,,,,,,,,,,,,,,,,,,,,,,,,,,,,,,,,,,,,,,,,,,
Warmworks,EOH1136,EH46,61.0,Working Part time,Semi and unskilled manual worker,Prefer not to say,2021-06-09T00:00:00.000Z,Rented (Social),14.0,DE,2.0,No,,No,,Yes,,No,,Yes,,No,,No,,No,,Yes,,No,,13/07/2021,Warmworks,House,Semi-Detached,Suburban,2001+,D,2.0,0.0,2.0,80.32,5.0,3.0,5.0,2.4,Cavity_Insulated,Solid,Pitched,Double,,Electricity,Electric - Storage,Electric - Direct,Water,Large (> 170l),0.0,0.0,0.0,No,No,,,5.0,60.0,7546.0,4075.0,0.0,50.0,3.41,Yes,No,Yes,Yes,ASHP,,,,,,712.0,14.0,,Yes,,,04/08/2021,TK Murray,HT_ASHP,,Vaillant,VWL 55/6 A 230V S2,5.0,R290,0.0,Water_New,200.0,,1.0,,9.0,0.0,None,Low Noise Heat Pump,No,0.0,0.0,0.0,,No,0.0,0.0,None,No,11215.17,3572.208,1610.23,2435.18,,,,,,,3.0,0.0,
Warmworks,EOH1064,EH30,29.0,Working Full time (>30hrs),Supervisor,"50,001+",2020-06-29T00:00:00.000Z,Owner-Occupied,0.1,C1,3.0,No,,Yes,Future,No,,No,,No,,Yes,Technology,No,,No,,Yes,Replacement,No,,15/07/2020,Warmworks,House,Semi-Detached,Urban,1965-1980,D,2.0,0.0,2.0,99.64,6.0,3.0,6.0,2.4,Cavity_No_insulation,Suspended,Pitched,Double,Yes,Gas,Gas Boiler - Standard,None,Water,Normal (90-130l),5.0,0.0,0.0,No,No,4122.0,4000.0,,,,,,,,Yes,No,Yes,Yes,ASHP,,,,,,,,,No,Practical_DisruptionTime,,,,,,,,,,,,,,,,,,,,,,,,,,,,,,,,,,,,,,,,,,
E.ON,EOH2508,NE6,57.0,Working Full time (>30hrs),Supervisor,"30,001 - 40,000",2021-03-16T00:00:00.000Z,Owner-Occupied,13.0,C1,2.0,YES,,NO,,YES,,NO,,NO,,NO,,NO,,NO,,NO,,NO,,16/04/2021,Phoenix,House,Semi-Detached,Urban,1950 - 1966,,2.0,1.0,2.0,86.0,5.0,3.0,8.0,2.6,Cavity_Insulated,Suspended,Pitched,Double,Yes,Gas,Gas Boiler - Standard,None,Water,110,0.0,0.0,1.0,No,No,,,5.317,61.83,9782.4,4122.0,607.0,45.0,3.57,Yes,No,Yes,Yes,ASHP,,,Barrier,11863.76,300.0,696.0,14.3,3.8,Yes,,,25/06/2021,Aaron services,ASHP,,Daikin,EDLQ07CAV3,7.0,R410A,,Water_new,200.0,,1.0,9.0,0.0,0.0,none,barrier,No,0.0,0.0,0.0,No,No,0.0,0.0,None,no,5648.0,1752.0,,2686.0,0.0,0.0,0.0,0.0,0.0,0.0,3.0,0.0,
Warmworks,EOH2411,TD8,21.0,Working Part time,Professional,"12,501 - 16,200",2021-03-04T00:00:00.000Z,Owner-Occupied,22.0,DE,3.0,No,,No,,No,,No,,No,,No,,No,,No,,No,,Yes,,19/03/2021,Warmworks,House,Mid-Terrace,Urban,1919-1944,F,,,1.0,48.08,3.0,1.0,3.0,2.72,Cavity_No_insulation,Solid,Pitched,Double,Yes,,Electric - Direct,None,Water,Normal (90-130l),0.0,0.0,0.0,No,No,,,,,,,,,,No,No,Yes,No,None - Installation not recommended,Practical_SpaceExternal,Practical_SpaceExternal,,,,,,,,,,,,,,,,,,,,,,,,,,,,,,,,,,,,,,,,,,,,,,,,,,
Warmworks,EOH2484,TD4,44.0,Unemployed,Unemployed/Benefits,Prefer not to say,2020-08-21T00:00:00.000Z,Rented (Social),4.0,C2,1.0,No,,No,,No,,No,,No,,No,,No,,No,,No,,Yes,social housing referral,23/09/2020,Warmworks,House,Semi-Detached,Suburban,1945-1964,F,1.0,0.0,1.0,52.04,2.0,1.0,2.0,2.6,Cavity_Insulated,Suspended,Pitched,Double,,,Electric - Direct,None,Water,Medium (131-170l),0.0,0.0,0.0,No,No,,,5.0,89.0,4323.0,3596.0,156.0,50.0,3.58,Yes,No,Yes,No,ASHP,,,,,,560.0,14.0,,Yes,,,21/12/2020,TK Murray,ASHP,,Mitsubishi,PUHZ-W50VHA2,5.0,R410A,0.0,Water_New,150.0,,1.0,6.0,,0.0,None,Low Noise Heat Pump,No,0.0,0.0,0.0,,No,0.0,0.0,None,No,6529.24,3508.27,1610.23,1623.46,,,,,,,1.0,0.0,
Warmworks,EOH0482,KY11,55.0,Working Full time (>30hrs),Clerical,"20,001 - 25,000",2020-08-30T00:00:00.000Z,Owner-Occupied,20.0,C1,2.0,Yes,,Yes,,No,,No,,No,,Yes,,No,,No,,No,,No,,29/09/2020,Warmworks,House,Mid-Terrace,Urban,1919-1944,C,1.0,0.0,2.0,75.12,4.0,2.0,4.0,2.52,Cavity_Insulated,Suspended,Pitched,Double,Yes,Gas,Gas Boiler - Combi,Fire - Gas,None,,0.0,1.0,1.0,No,No,,,,,,,,,,Yes,No,Yes,No,None - Installation not recommended,Other,,,,,,,,,,,,,,,,,,,,,,,,,,,,,,,,,,,,,,,,,,,,,,,,,,,
Warmworks,EOH1166,EH46,61.0,Working Full time (>30hrs),Skilled Manual Worker,Prefer not to say,2021-05-27T00:00:00.000Z,Rented (Social),5.0,C2,1.0,No,,No,,Yes,,No,,Yes,,No,,No,,No,,Yes,,No,,07/07/2021,Warmworks,House,End-Terrace,Suburban,1991-2000,D,1.0,0.0,2.0,83.2,4.0,2.0,4.0,2.4,Cavity_Insulated,Solid,Pitched,Double,,Electricity,Electric - Storage,Electric - Direct,Water,Large (> 170l),0.0,0.0,0.0,No,No,,,7.0,65.0,9975.0,4075.0,0.0,50.0,3.65,Yes,No,Yes,No,ASHP,,,,,,814.0,14.0,,Yes,,,02/08/2021,TK Murray,HT_ASHP,,Vaillant,VWL 75/6 A 230V S2,7.0,R290,0.0,Water_New,200.0,,1.0,,10.0,0.0,None,Low Noise Heat Pump,No,0.0,0.0,0.0,,No,0.0,0.0,None,No,11215.17,3572.208,1610.23,2705.76,,,,,,,2.0,0.0,
Warmworks,EOH0490,EH14,66.0,Working Full time (>30hrs),Manager,Prefer not to say,2021-04-17T00:00:00.000Z,Owner-Occupied,0.5,AB,4.0,Yes,,Yes,,No,,No,,No,,Yes,,No,,No,,No,,No,,24/05/2021,Warmworks,House,Detached,Urban,1919-1944,C,2.0,0.0,2.0,128.9,5.0,3.0,5.0,2.6,Cavity_Insulated,Suspended,Pitched,Triple,Yes,Gas,Gas Boiler - Combi,None,None,,0.0,0.0,1.0,No,No,,,9.2,71.0,22567.0,3820.0,0.0,50.0,3.92,Yes,No,Yes,Yes,HT_ASHP,,,,,,1023.0,18.0,5.0,Yes,,,21/07/2021,Everwarm,HT_ASHP,,Vaillant,VWL 125/6 A 230V S2,12.0,R290,0.0,Water_New,200.0,,1.0,,14.0,0.0,None,Low Noise Heat Pump,No,0.0,0.0,0.0,No,No,0.0,0.0,None,No,17943.13,3572.208,1610.23,3788.06,,,,,,,2.0,0.0,
E.ON,EOH2372,NE3,,Prefer not to say,Prefer not to say,Prefer not to say,2020-09-24T00:00:00.000Z,Rented (Social),0.9,DE,1.0,NO,,NO,,YES,opportunity to replace elec storage heaters,NO,,YES,lower bills from elec storage heaters,NO,,NO,,NO,,NO,,NO,,11/01/2021,E.ON,Flat,Flat,Suburban,1967 - 1975,,1.0,0.0,1.0,37.6,2.0,1.0,5.0,2.3,Solid_Insulated,Solid,Pitched,Double,No,Electricity,Electric - Storage,None,Water,80,0.0,0.0,0.0,Yes - Borehole,Yes,,,2.463,65.5,6056.0,1910.0,191.0,,,No,Yes,No,No,GSHP,,,None Required,,14707.5,351.09,14.3,,Yes,,,22/10/2021,Groundheat,GSHP,Shared_Groundloop,Vaillant,20260514,3.0,R410A,900.0,Water_new,100.0,,1.0,5.0,0.0,1.0,none,none,No,0.0,0.0,0.0,No,No,0.0,0.0,None,no,11605.06,1702.0,,2701.78,0.0,0.0,0.0,0.0,0.0,0.0,84.0,0.0,
E.ON,EOH2116,NE3,,Prefer not to say,Prefer not to say,Prefer not to say,2020-09-24T00:00:00.000Z,Rented (Social),0.9,DE,1.0,NO,,NO,,YES,opportunity to replace elec storage heaters,NO,,YES,lower bills from elec storage heaters,NO,,NO,,NO,,NO,,NO,,11/01/2021,E.ON,Flat,Flat,Suburban,1967 - 1975,,1.0,0.0,1.0,37.6,2.0,1.0,5.0,2.3,Solid_Insulated,Solid,Pitched,Double,No,Electricity,Electric - Storage,None,Water,80,0.0,0.0,0.0,Yes - Borehole,Yes,,,2.463,65.5,6056.0,1910.0,191.0,,,No,Yes,No,No,GSHP,,,None Required,,14707.5,351.09,14.3,,Yes,,,30/10/2021,Groundheat,GSHP,Shared_Groundloop,Vaillant,20260514,3.0,R410A,900.0,Water_new,100.0,,1.0,5.0,0.0,1.0,none,none,No,0.0,0.0,0.0,No,No,0.0,0.0,None,no,11605.06,1702.0,,2701.78,0.0,0.0,0.0,0.0,0.0,0.0,84.0,0.0,
E.ON,EOH3143,NE31,56.0,Working Full time (>30hrs),Skilled Manual Worker,"30,001 - 40,000",2021-07-23T00:00:00.000Z,Owner-Occupied,8.0,C2,4.0,YES,,NO,,NO,,NO,,NO,,NO,,NO,,NO,,NO,,NO,,20/08/2021,Energist,House,Mid-Terrace,Urban,2012 onwards,B,2.0,0.0,2.0,96.0,6.0,3.0,12.0,2.4,Cavity_Insulated,Suspended,Pitched,Double,Yes,Gas,Gas Boiler - Combi,None,None,,0.0,0.0,0.0,No,No,,,3.62,44.1,7724.0,3146.0,0.0,45.0,3.77,Yes,No,Yes,Yes,ASHP,,,None Required,14347.62,,512.0,12.5,3.5,Yes,,,20/09/2021,Energist,HT_ASHP,,Vaillant,VWL 55/6 A 230V S2,5.0,R290,,Water_new,200.0,,1.0,12.0,0.0,0.0,None,None,No,0.0,0.0,0.0,No,No,0.0,0.0,None,no,5623.74,1752.34,,3795.79,0.0,0.0,0.0,0.0,0.0,0.0,4.0,,
Warmworks,EOH0015,TD4,85.0,Retired,Pensioner,Prefer not to say,2020-07-22T00:00:00.000Z,Rented (Social),20.0,DE,1.0,No,,No,,No,,No,,No,,No,,No,,No,,No,,Yes,Referred by Housing Association,28/08/2020,Warmworks,House,Semi-Detached,Suburban,1945-1964,F,1.0,0.0,2.0,69.3,3.0,2.0,3.0,2.3,Cavity_Insulated,Suspended,Pitched,Double,No,Electricity,Electric - Direct,Electric - Direct,Water,Normal (90-130l),0.0,0.0,0.0,No,No,,,,,,,,,,Yes,No,Yes,No,ASHP,,,,,,,,,No,Practical_DisruptionWorks,,,,,,,,,,,,,,,,,,,,,,,,,,,,,,,,,,,,,,,,,,
OVO,EOH0356,RH12,77.0,Retired,Pensioner,"25,001 - 30,000",2020-11-05T00:00:00.000Z,Owner-Occupied,2.0,DE,4.0,Yes,,Yes,Eventually we are all probably going to have to replace our gas boilers anyway to meet the governments zero emissions policy,Yes,I expect to save on my heating bills in the long term,No,,Yes,"I dont think I could afford it otherwise, government grants are insufficient",No,,Yes,If ways could be found to make heat pump installation cheaper or easier this would be good,No,"I have investigated but found it too expensive, see above",No,"Our boiler is fairly new and efficient but will have to be replaced eventually, see above",No,,09/11/2020,Retrofitworks,House,Detached,Urban,1991-2000,,2.0,0.0,2.0,92.0,5.0,3.0,8.0,,,,Pitched,Double,Yes,Gas,Gas Boiler - Standard,,None,,0.0,1.0,0.0,No,No,,,,,,,,,,,,,,None - Installation not recommended,Participant_Suitability,,,,,,,,,,,,,,,,,,,,,,,,,,,,,,,,,,,,,,,,,,,,,,,,,,,
Warmworks,EOH2482,TD6,64.0,Unemployed,Unemployed/Benefits,Prefer not to say,2020-07-22T00:00:00.000Z,Rented (Social),21.0,DE,2.0,No,,No,,No,,No,,No,,No,,No,,No,,No,,Yes,Referred by housing association,13/08/2020,Warmworks,House,Semi-Detached,Suburban,1945-1964,F,2.0,0.0,2.0,81.8,4.0,2.0,4.0,2.4,Cavity_Insulated,Suspended,Pitched,Double,No,Electricity,Electric - Direct,Fire - Coal,Water,Normal (90-130l),0.0,0.0,1.0,No,No,2900.0,,,,,,,,,Yes,No,Yes,Yes,HT_ASHP,,,,,,,,,No,Other,,,,,,,,,,,,,,,,,,,,,,,,,,,,,,,,,,,,,,,,,,
Warmworks,EOH2409,EH46,57.0,Working Full time (>30hrs),Skilled Manual Worker,Prefer not to say,2021-06-09T00:00:00.000Z,Rented (Social),13.0,C2,1.0,No,,No,,Yes,,No,,Yes,,No,,No,,No,,Yes,,No,,13/07/2021,Warmworks,House,End-Terrace,Suburban,1991-2000,D,2.0,0.0,2.0,80.32,5.0,3.0,4.0,2.4,Cavity_Insulated,Solid,Pitched,Double,,Electricity,Electric - Storage,Electric - Direct,Water,Large (> 170l),0.0,0.0,0.0,No,No,12693.0,,5.0,60.0,7546.0,4075.0,0.0,50.0,3.41,Yes,No,Yes,Yes,ASHP,,,,,,712.0,14.0,,Yes,,,16/08/2021,TK Murray,HT_ASHP,,Vaillant,VWL 55/6 A 230V S2,5.0,R290,0.0,Water_New,200.0,,1.0,,9.0,0.0,None,Low Noise Heat Pump,No,0.0,0.0,0.0,,No,0.0,0.0,None,No,11215.17,3572.208,1610.23,2435.18,,,,,,,2.0,0.0,
OVO,EOH0352,ME12,71.0,Retired,Manager,Prefer not to say,2021-01-15T00:00:00.000Z,Owner-Occupied,,DE,3.0,Yes,,Yes,I need a system that will keep my husband and myself warm at a reasonable running cost. I want to look at all options but like the idea of a wet underfloor heating system.,No,We only have electric radiators...I donï¿½t know what options will be available or the cost.,Yes,See previous comments.  Before our building works commence we need to know what will be the most efficient and effective way of heating our retirement home.,Yes,We are pensioners. We need to watch our pennies hence the move to a retirement property. I am always reading magazines online to find out what new technology is available,Yes,We have to get this right. This will be our forever home. I am always reading up on new technology and looking at how we can be cost effective and carbon neutral - or as near as we can be.,Yes,You tell me more...,No,I donï¿½t know. You need to expand the choice of options here....We need to know what is out there.....if it is noisy then it wonï¿½t be suitable for us. If it blows air into the home it wonï¿½t be suitable either.,Yes,Old electric wall hung radiators with no central heating is likely to kill us off! We are used to a gas central heating system in our current home. We have to get this right...,No,Your form needs amending. We have no boiler but I had to enter incorrect information in order to proceed....,17/02/2021,Retrofitworks,House,Semi-Detached,Suburban,2001+,C,2.0,0.0,1.0,53.0,3.0,2.0,3.0,2.4,Cavity_Insulated,Solid,Pitched,Double,No,Electricity,Electric - Storage,None,None,,0.0,0.0,0.0,No,No,,,,,,,,,,,,,,None - Installation not recommended,Programme_TargetMet,,,,,,,,,,,,,,,,,,,,,,,,,,,,,,,,,,,,,,,,,,,,,,,,,,,
Warmworks,EOH2674,EH10,69.0,Retired,Pensioner,"20,001 - 25,000",2021-05-13T00:00:00.000Z,Owner-Occupied,24.0,AB,3.0,Yes,,Yes,,No,,Yes,,No,,No,,No,,No,,No,,No,,22/06/2021,Warmworks,Maisonette,Mid-Terrace,Urban,Pre 1919,C,2.0,0.0,1.0,110.7,4.0,2.0,4.0,3.0,Cavity_No_insulation,Suspended,Another Dwelling Above,Double,Yes,Gas,Gas Boiler - Combi,None,None,,0.0,0.0,0.0,No,No,,,,,,,,,,Yes,No,Yes,Yes,ASHP,,,,,,,,,No,Practical_DisruptionTime,,,,,,,,,,,,,,,,,,,,,,,,,,,,,,,,,,,,,,,,,,
Warmworks,EOH0230,TD1,74.0,Retired,Pensioner,Prefer not to say,2021-03-12T00:00:00.000Z,Rented (Social),44.0,C2,1.0,No,,No,,No,,Yes,social housing referral,No,,No,,No,,No,,No,,Yes,,26/03/2021,Warmworks,House,Mid-Terrace,Suburban,1945-1964,D,1.0,0.0,2.0,80.92,5.0,3.0,5.0,2.46,Cavity_Insulated,Suspended,Pitched,Double,No,,Electric - Storage,Electric - Direct,Water,Normal (90-130l),0.0,0.0,0.0,No,No,,,,,,,,,,Yes,No,Yes,No,ASHP,,,,,,,,,No,Practical_DisruptionWorks,,,,,,,,,,,,,,,,,,,,,,,,,,,,,,,,,,,,,,,,,,
Warmworks,EOH3036,EH46,67.0,Working Full time (>30hrs),Professional,Prefer not to say,2021-06-11T00:00:00.000Z,Rented (Social),14.0,C1,1.0,No,,No,,Yes,,No,,Yes,,No,,No,,No,,Yes,,No,,28/07/2021,Warmworks,House,Semi-Detached,Suburban,2001+,C,3.0,0.0,2.0,84.9,5.0,3.0,5.0,2.39,Cavity_Insulated,Suspended,Pitched,Double,,Electricity,Electric - Storage,Electric - Direct,Water,Large (> 170l),0.0,0.0,0.0,No,No,9300.0,,5.0,60.0,7546.0,4075.0,0.0,50.0,3.41,Yes,No,Yes,No,ASHP,,,,,,712.0,14.0,,Yes,,,28/09/2021,TK Murray,HT_ASHP,,Vaillant,VWL 55/6 A 230V S2,5.0,R290,0.0,Water_New,200.0,,1.0,,9.0,0.0,None,Low Noise Heat Pump,No,0.0,0.0,0.0,,No,0.0,0.0,None,No,11215.17,3572.208,1610.23,2435.18,,,,,,,2.0,0.0,
E.ON,EOH1464,NE13,45.0,Working Full time (>30hrs),Manager,"40,001 - 50,000",2020-12-16T00:00:00.000Z,Owner-Occupied,1.0,AB,3.0,YES,,NO,,NO,,NO,,NO,,NO,,NO,,NO,,NO,,NO,,08/01/2021,Phoenix,House,Semi-Detached,Urban,1967 - 1975,,2.0,1.0,2.0,176.0,5.0,3.0,6.0,2.4,Cavity_Insulated,Solid,Pitched,Double,Yes,Gas,Gas Boiler - Combi,Fire - Gas,None,,0.0,1.0,0.0,No,No,,,5.17198,68.01,14490.4,4122.0,181.0,,,Yes,No,Yes,Yes,ASHP,,,None Required,12199.93,0.0,630.0,14.3,3.8,No,Practical_DisruptionWorks,,,,,,,,,,,,,,,,,,,,,,,,,,,,,,,,,,,,,,,,,,
E.ON,EOH1318,NE6,36.0,Working Full time (>30hrs),Professional,"50,001+",2020-07-10T00:00:00.000Z,Owner-Occupied,4.0,AB,2.0,YES,,NO,,NO,,NO,,NO,,YES,,NO,,NO,,NO,,NO,,28/07/2020,E.ON,House,End-Terrace,Suburban,1996 - 2002,C,3.0,0.0,2.0,106.0,5.0,5.0,9.0,2.4,Cavity_Insulated,Suspended,Pitched,Double,Yes,Gas,Gas Boiler - Standard,None,Water,153,0.0,0.0,1.0,No,No,,,6.181,64.52,12223.0,3734.0,551.0,45.0,3.57,Yes,No,No,Yes,ASHP,,,,11319.16,,444.0,14.37,3.8,Yes,,,02/09/2020,Aaron Services,ASHP,,Daikin,EDLQ07CAV3,7.0,R410A,,Water_new,180.0,,1.0,11.0,0.0,0.0,none,none,No,0.0,0.0,0.0,No,No,0.0,0.0,None,no,5648.01,1752.34,,1961.96,0.0,0.0,0.0,0.0,0.0,0.0,2.5,,
E.ON,EOH3082,NE12,58.0,Working Full time (>30hrs),Clerical,"40,001 - 50,000",2021-03-04T00:00:00.000Z,Owner-Occupied,15.0,C1,1.0,NO,,NO,,YES,,NO,,YES,potential for bill savings & gov grant,NO,,NO,,NO,,NO,,NO,,09/03/2021,Phoenix,House,Detached,Urban,2003 - 2006,C,3.0,0.0,2.0,131.0,7.0,4.0,12.0,2.4,Cavity_Insulated,Solid,Pitched,Double,Yes,Gas,Gas Boiler - Standard,Fire - Electric,Water,150,0.0,0.0,1.0,No,No,,,7.311,55.8,14652.4,4994.0,181.0,60.0,3.22,Yes with additional measures,No,Yes,No,HT_ASHP,,,None Required,18391.83,,905.0,14.3,3.8,Yes,,,23/07/2021,Phoenix,HT_ASHP,,Daikin,EPRA16DAV3,16.0,R32,,PCM_New,,9.0,1.0,13.0,0.0,0.0,none,none,No,0.0,0.0,0.0,No,No,0.0,0.0,None,no,9688.0,3500.65,,3425.0,0.0,0.0,0.0,0.0,0.0,0.0,4.0,0.0,
Warmworks,EOH2609,EH41,50.0,Working Full time (>30hrs),Semi and unskilled manual worker,"40,001 - 50,000",2020-09-05T00:00:00.000Z,Owner-Occupied,19.0,C2,4.0,Yes,,Yes,,No,,No,,No,,Yes,,No,,No,,No,,No,,06/10/2020,Warmworks,House,Detached,Suburban,1965-1980,C,2.0,2.0,2.0,179.49,9.0,4.0,9.0,,Cavity_Insulated,Suspended,Pitched,Double,Yes,Gas,Gas Boiler - Combi,None,None,,0.0,0.0,1.0,Yes - Borehole,Yes,2800.0,,12.8,73.7,33463.0,5394.0,156.0,55.0,3.26,Yes,Yes,Yes,Yes,GSHP,,,,,,2221.0,16.36,4.17,Yes,,,07/06/2021,mcinnesplumbing,ASHP,,Mitsubishi,PUZ-HWM140VHA-BS,14.0,R32,0.0,Water_New,200.0,,1.0,14.0,,0.0,None,Low Noise Heat Pump,No,0.0,0.0,0.0,No,No,0.0,0.0,None,No,8575.73,3572.208,1610.23,3788.06,,,,,,,2.0,0.0,
OVO,EOH1517,SO16,39.0,Working Full time (>30hrs),Professional,Prefer not to say,2020-07-16T00:00:00.000Z,Owner-Occupied,2.0,C1,4.0,Yes,looking to get solar system as well so makes sence with heat pump,Yes,looking to disconnect mains gas completely and move everything to solar and electric with house battery and heat pump and heat battery,Yes,"we have already removed all traditional rads and installed underfloor heating systems and 100mm insulation, heat pump, 8-10kw solar system and heat battery are next steps",Yes,"2 extensions on property are planned in future, one in front , one in back and both will also have underfloor heating pipes installed and all be insulated",Yes,"yes and no, will just make it a bit quicker and have been planning this since we purchased property 2 years ago",Yes,"ashp are the way to go in the UK as winters dont go below 0 degrees  tbh, also thought and researched gshp but cost is much higher and would been a bore hole too, but with solar system air source heat pump is great",Yes,"yes of course, very keep to help",Yes,like I said before this opportunity will help speed things up and get everything running,No,not really but want to get carbon neutral and disconnect mains gas,No,,11/02/2021,Retrofitworks,House,Detached,Suburban,1945-1964,,2.0,0.0,1.0,70.0,4.0,2.0,4.0,2.5,Cavity_Insulated,Suspended,Pitched,Double,Yes,Gas,Gas Boiler - Combi,,None,,0.0,0.0,0.0,No,No,,,,,,,,,,,,,,None - Installation not recommended,Programme_TargetMet,,,,,,,,,,,,,,,,,,,,,,,,,,,,,,,,,,,,,,,,,,,,,,,,,,,
E.ON,EOH1594,NE5,,Unemployed,Unemployed/Benefits,Prefer not to say,2020-10-28T00:00:00.000Z,Rented (Private),0.9,DE,1.0,NO,,NO,,YES,Chance to upgrade from electric only heating,NO,,YES,Potential for bill savings,NO,,NO,,NO,,NO,,NO,,05/11/2020,Phoenix,House,Mid-Terrace,Urban,1930 - 1949,E,1.0,1.0,2.0,86.0,5.0,3.0,4.0,2.3,Cavity_Insulated,Solid,Pitched,Double,No,Electricity,Electric - Storage,None,Water,120,0.0,0.0,0.0,No,No,,,,,,,,,,No,No,No,No,None - Installation not recommended,Practical_Noise,,,,,,,,,,,,,,,,,,,,,,,,,,,,,,,,,,,,,,,,,,,,,,,,,,,
E.ON,EOH0451,NE3,,Prefer not to say,Prefer not to say,Prefer not to say,2020-09-24T00:00:00.000Z,Rented (Social),,DE,1.0,NO,,NO,,YES,opportunity to replace elec storage heaters,NO,,YES,lower bills from elec storage heaters,NO,,NO,,NO,,NO,,NO,,11/01/2021,E.ON,Flat,Flat,Suburban,1967 - 1975,,1.0,0.0,1.0,37.6,2.0,1.0,5.0,2.3,Solid_Insulated,Solid,Pitched,Double,No,Electricity,Electric - Storage,None,Water,80,0.0,0.0,0.0,Yes - Borehole,Yes,,,2.463,65.5,6056.0,1910.0,191.0,,,No,Yes,No,No,GSHP,,,None Required,,14707.5,351.09,14.3,,Yes,,,26/11/2021,Groundheat,GSHP,Shared_Groundloop,Vaillant,20260514,3.0,R410A,900.0,Water_new,100.0,,1.0,5.0,0.0,1.0,none,none,No,0.0,0.0,0.0,No,No,0.0,0.0,None,no,11605.06,1702.0,,2701.78,0.0,0.0,0.0,0.0,0.0,0.0,84.0,0.0,
Warmworks,EOH1722,EH16,44.0,Working Full time (>30hrs),Professional,Prefer not to say,2020-08-31T00:00:00.000Z,Owner-Occupied,5.0,AB,2.0,Yes,,Yes,,No,,No,,No,,No,,Yes,,No,,No,,No,,02/12/2020,Warmworks,House,Detached,Suburban,2001+,C,4.0,1.0,2.0,113.37,6.0,,6.0,2.29,Cavity_Insulated,Solid,Pitched,Double,Yes,Gas,Gas Boiler - Combi,None,None,,0.0,0.0,1.0,No,No,6076.0,8627.0,,,,,,,,Yes,No,Yes,Yes,ASHP,,,,,,,,,No,Social_Perception,,,,,,,,,,,,,,,,,,,,,,,,,,,,,,,,,,,,,,,,,,
OVO,EOH2335,SP10,66.0,Retired,Pensioner,"25,001 - 30,000",2020-07-09T00:00:00.000Z,Owner-Occupied,12.0,DE,3.0,Yes,,Yes,Things will be changing in the next 2-3 years. I dont want to install an out dated system.,Yes,I would like a heat pump but I dont know if it is a practical option.,No,,Yes,I have to budget my money as I am now a pensioner (since December 2020).,Yes,I feel in the UK we are slow to adopt new technology. I wish to speed this up and make heat pumps mainstream.,Yes,I am critical of government of not putting enough support into changing to low carbon heating. I think this project will give more information into the practicalities of retro fitting to properties of all shapes and sizes hopefully assisting more heating engineers to become trained and confident to install heat pumps.,Yes,I would like a heat pump but I dont know how to find a reliable contractor to see if it is possible in my small house.,Yes,"My boiler is the original 2001 from new build. Im sure I could replace with a more efficient system. I dont want to replace with gas if possible as gas systems are being phased out. But I may have a boiler breakdown meaning I will have the quickest option, probably gas.",No,,19/02/2021,Retrofitworks,House,Mid-Terrace,Suburban,1991-2000,,2.0,0.0,2.0,58.6,4.0,2.0,4.0,2.3,Cavity_Insulated,Solid,Pitched,Double,Yes,Gas,Gas Boiler - Standard,None,Water,150,0.0,0.0,0.0,No,No,,,,,,,,,,,,,,None - Installation not recommended,Programme_TargetMet,,,,,,,,,,,,,,,,,,,,,,,,,,,,,,,,,,,,,,,,,,,,,,,,,,,
Warmworks,EOH0681,TD1,43.0,Unemployed,Unemployed/Benefits,"0 - 12,500",2021-05-18T00:00:00.000Z,Rented (Social),1.0,DE,1.0,No,,No,,Yes,,No,,Yes,,No,,No,,No,,Yes,,No,,09/07/2021,Warmworks,Flat,Flat,Suburban,1965-1980,E,2.0,0.0,1.0,47.77,2.0,1.0,2.0,2.29,Cavity_No_insulation,Solid,Another Dwelling Above,Double,No,Electricity,Electric - Direct,None,Water,Normal (90-130l),0.0,0.0,0.0,No,No,,,,,,,,,,Yes,No,Yes,No,ASHP,,,,,,,,,No,Other,,,,,,,,,,,,,,,,,,,,,,,,,,,,,,,,,,,,,,,,,,
