Participant_Age,EmployStatus,EmployType,HouseIncome,Tenure,Tenure_Length,Social_Group,HP_Awareness,House_Type,House_Form,House_Env,House_Age,House_SAP,No_Adults,No_Child,No_Storeys,Total_Floor_Area,Habitable_Rooms,Bedrooms,Heated_rooms,Floor_Height,Wall_Type,Floor_Type,Roof_Type,Glazed_Type,Mains_Gas_Flag,Main_Fuel,Heat_Primary_Source,Heat_Secondary_Source,TS_Existing,TS_Existing_Size,No_Underfloor,Existing_Fires,Existing_Cooking,Outside_Space,Outside_Access,Elec_currentuse,Gas_currentuse,MCS_SHLoad,MCS_Hloss,MCS_SHAnnual,MCS_DHWAnnual,MCS_Immersion,MCS_Flow_Temp,MCS_SCOP,Suit_ASHP,Suit_GSHP,Suit_HTASHP,Suit_Hybrid,HP_Recommend,Measures_Recommend,EstCost_System,EstCost_Ancillary,EstCost_Running,EstCost_Etariff,EstCost_Gtariff,Part_Install_Decision,HP_Installed,HP_Installed_Detail,HP_Brand,HP_Model,HP_Size_kW,HP_Refrigerant,GSHP_Space,TS_Type,TS_Water_Size,TS_PCM_Size,HP_Control_Zones,Measures_emitters_LT,Measures_emitters_Std,Measures_Fanassist,HP_Aesthetic,HP_Noise,Cooling,Cooling_Rooms,Fires_replaced,Cook_Replaced,Gas_disconnect,Measures_Loft,Measures_Windows,Measures_Doors,Measures_WI,Measures_DP,Cost_HP,Cost_TS,Cost_Install,Cost_Emitters,Cost_Cooling,Cost_LI,Cost_WI,Cost_Window,Cost_Door,Cost_DP,Install_time_HP,Install_time_measures,Dwelling_Type
63.0,working full time (>30hrs),professional,"25,001 - 30,000",owner-occupied,19.0,c1,1.0,house,detached,urban,1930 - 1949,,2.0,0.0,2.0,200.0,6.0,4.0,13.0,2.7,cavity_insulated,suspended,pitched,double,yes,gas,gas boiler - standard,fire - gas,water,150.0,0.0,2.0,1.0,no,no,2760.0,27600.0,15.91,79.55,31869.0,4254.0,0.0,,,yes with additional measures,no,yes with additional measures,yes,hybrid,none required,12561.0,0.0,1473.0,14.3,3.8,no,,,,,,,,,,,,,,,,,,,,,,,,,,,,,,,,,,,,,,,house_detached_2.0_2.0_0.0
38.0,working full time (>30hrs),manager,"50,001+",owner-occupied,0.9,ab,1.0,house,semi-detached,urban,1950 - 1966,,2.0,1.0,2.0,101.0,5.0,3.0,12.0,2.4,cavity_insulated,suspended,pitched,double,yes,gas,gas boiler - combi,,,,0.0,0.0,0.0,no,no,2312.0,13421.0,7.67,88.1,18587.5,4002.0,181.0,,,yes,no,yes,yes,ashp,none required,13319.15,0.0,993.0,14.3,3.8,no,,,,,,,,,,,,,,,,,,,,,,,,,,,,,,,,,,,,,,,house_semi-detached_2.0_2.0_1.0
56.0,working full time (>30hrs),professional,"40,001 - 50,000",owner-occupied,25.0,ab,1.0,house,semi-detached,urban,1950 - 1966,,3.0,0.0,2.0,78.0,5.0,3.0,10.0,2.4,cavity_insulated,solid,pitched,double,yes,gas,gas boiler - standard,fire - gas,water,180.0,0.0,1.0,1.0,no,no,5304.0,16142.0,5.86,84.0,14112.6,4002.0,181.0,,,yes,no,yes,yes,ashp,none required,12394.97,0.0,797.0,14.3,3.8,no,,,,,,,,,,,,,,,,,,,,,,,,,,,,,,,,,,,,,,,house_semi-detached_2.0_3.0_0.0
70.0,retired,pensioner,prefer not to say,owner-occupied,32.0,de,4.0,house,detached,urban,1976 - 1982,,2.0,0.0,2.0,91.0,6.0,4.0,11.0,2.4,cavity_insulated,suspended,pitched,double,yes,gas,gas boiler - standard,,water,117.0,0.0,0.0,0.0,no,no,4000.0,10000.0,5.744,64.057,12948.1,3734.0,551.0,45.0,3.57,yes,no,no,no,ashp,,10996.59,,703.0,14.37,3.8,yes,ashp,,daikin,edlq07cav3,7.0,r410a,,water_new,180.0,,1.0,11.0,0.0,0.0,none,none,no,0.0,0.0,0.0,yes,no,0.0,0.0,,no,5648.01,1752.34,,1583.17,0.0,0.0,0.0,0.0,0.0,0.0,3.0,,house_detached_2.0_2.0_0.0
47.0,working full time (>30hrs),professional,"50,001+",owner-occupied,8.0,ab,5.0,house,semi-detached,suburban,1930 - 1949,,2.0,2.0,2.0,148.0,4.0,3.0,9.0,2.6,cavity_no_insulation,mix,pitched,double,yes,gas,gas boiler - combi,,,,0.0,0.0,0.0,yes - ground loop,yes,3133.0,16666.0,8.58,75.2,17197.3,4182.0,616.0,,,no,no,yes,no,none - installation not recommended,none required,16141.0,0.0,947.0,14.3,3.8,,,,,,,,,,,,,,,,,,,,,,,,,,,,,,,,,,,,,,,,house_semi-detached_2.0_2.0_2.0
62.0,working full time (>30hrs),clerical,prefer not to say,owner-occupied,4.0,c2,3.0,house,semi-detached,urban,1930 - 1949,d,2.0,0.0,2.0,92.0,5.0,3.0,10.0,2.45,cavity_insulated,suspended,pitched,double,yes,gas,gas boiler - combi,,,,0.0,0.0,1.0,no,no,1600.0,11000.0,8.258,89.76,19995.0,4002.0,181.0,,,yes,no,no,yes,none - installation not recommended,none required,13134.0,0.0,1043.0,14.3,3.8,,,,,,,,,,,,,,,,,,,,,,,,,,,,,,,,,,,,,,,,house_semi-detached_2.0_2.0_0.0
32.0,working full time (>30hrs),professional,"50,001+",owner-occupied,2.0,ab,1.0,house,semi-detached,suburban,1930 - 1949,,2.0,1.0,2.0,87.0,5.0,3.0,9.0,2.4,cavity_insulated,suspended,pitched,double,yes,gas,gas boiler - combi,fire - gas,,,0.0,1.0,1.0,no,no,3071.0,17714.0,7.511,80.58,16522.0,4002.0,181.0,,,no,no,yes,yes,ht_ashp,none required,16881.99,0.0,892.0,14.3,3.8,no,,,,,,,,,,,,,,,,,,,,,,,,,,,,,,,,,,,,,,,house_semi-detached_2.0_2.0_1.0
44.0,working full time (>30hrs),professional,"50,001+",owner-occupied,4.0,ab,5.0,house,semi-detached,urban,1930 - 1949,d,2.0,2.0,2.0,126.0,7.0,5.0,10.0,2.4,cavity_insulated,suspended,pitched,double,yes,gas,gas boiler - combi,fire - gas,,,0.0,1.0,1.0,no,no,4177.0,18541.0,10.613,84.23,21265.0,4457.0,0.0,,,yes,no,yes,yes with additional measures,hybrid,loft insulation,12081.59,500.0,996.0,14.3,3.8,no,,,,,,,,,,,,,,,,,,,,,,,,,,,,,,,,,,,,,,,house_semi-detached_2.0_2.0_2.0
38.0,working full time (>30hrs),professional,"50,001+",owner-occupied,3.0,ab,5.0,house,detached,suburban,1967 - 1975,d,2.0,0.0,2.0,80.0,4.0,3.0,4.0,2.3,cavity_insulated,suspended,pitched,double,yes,gas,gas boiler - standard,electric - direct,water,117.0,0.0,1.0,0.0,yes - ground loop,yes,2762.3,10781.0,7.68,98.96,18580.0,3820.0,0.0,45.0,3.77,yes,no,yes,yes,ashp,none required,11628.15,,1111.0,14.3,3.8,yes,ht_ashp,,vaillant,vwl 55/6 a 230v s2,5.0,r290,,water_new,200.0,,1.0,5.0,0.0,0.0,none,none,no,0.0,0.0,0.0,no,no,0.0,0.0,,no,6523.74,1752.0,,2315.87,0.0,0.0,0.0,0.0,0.0,0.0,4.0,0.0,house_detached_2.0_2.0_0.0
58.0,unemployed,professional,"20,001 - 25,000",owner-occupied,25.0,de,1.0,house,semi-detached,urban,1950 - 1966,,2.0,0.0,2.0,105.0,4.0,3.0,12.0,2.6,cavity_no_insulation,mix,pitched,double,yes,gas,gas boiler - combi,,,,0.0,0.0,1.0,no,no,1891.0,10973.0,10.272,97.83,9508.9,3820.0,0.0,55.0,2.96,no,no,no,yes,hybrid,barrier,10615.82,300.0,944.0,14.3,3.8,yes,hybrid,separate_new boiler,daikin,ehy2komb28aa,4.0,r32,,,,,1.0,12.0,0.0,0.0,none,barrier,no,0.0,0.0,0.0,no,no,0.0,0.0,,no,5739.82,,,3240.82,0.0,0.0,0.0,0.0,0.0,0.0,2.5,0.0,house_semi-detached_2.0_2.0_0.0
35.0,working full time (>30hrs),professional,"50,001+",owner-occupied,3.0,ab,1.0,house,semi-detached,urban,1930 - 1949,,2.0,3.0,2.0,105.0,6.0,4.0,12.0,2.6,cavity_no_insulation,suspended,pitched,double,yes,gas,gas boiler - standard,fire - gas,water,120.0,0.0,1.0,1.0,no,no,3706.0,23051.0,16.502,135.58,15974.0,4776.0,0.0,,,no,no,no,yes,hybrid,none required,10800.81,0.0,1553.0,14.3,3.8,no,,,,,,,,,,,,,,,,,,,,,,,,,,,,,,,,,,,,,,,house_semi-detached_2.0_2.0_3.0
71.0,working full time (>30hrs),manager,"50,001+",owner-occupied,1.0,ab,3.0,house,semi-detached,urban,1950 - 1966,,2.0,0.0,2.0,84.0,5.0,3.0,12.0,2.4,cavity_insulated,solid,pitched,double,yes,gas,gas boiler - standard,,water,100.0,0.0,1.0,1.0,no,no,663.0,15896.0,6.612,78.71,13245.0,3820.0,0.0,55.0,2.96,no,no,no,yes,hybrid,barrier,11170.02,300.0,870.0,14.3,3.8,yes,hybrid,separate_new boiler,daikin,ehy2komb28aa,4.0,r32,,,,,1.0,12.0,0.0,0.0,none,barrier,no,0.0,0.0,0.0,no,no,0.0,0.0,,no,5739.8,,,3240.82,0.0,0.0,0.0,0.0,0.0,0.0,3.0,0.0,house_semi-detached_2.0_2.0_0.0
71.0,retired,pensioner,"40,001 - 50,000",owner-occupied,32.0,de,3.0,house,detached,suburban,1983 - 1990,,2.0,0.0,2.0,100.0,5.0,4.0,9.0,2.35,cavity_insulated,suspended,pitched,double,yes,gas,gas boiler - standard,,water,110.0,0.0,0.0,0.0,no,no,3487.0,13291.0,7.062,67.94,17105.0,4993.0,218.0,,,yes,no,yes,yes,ashp,none required,13134.93,0.0,972.0,14.3,3.8,no,,,,,,,,,,,,,,,,,,,,,,,,,,,,,,,,,,,,,,,house_detached_2.0_2.0_0.0
69.0,retired,pensioner,"30,001 - 40,000",owner-occupied,0.9,de,2.0,house,detached,suburban,1967 - 1975,,2.0,0.0,2.0,127.42,6.0,4.0,11.0,2.3,cavity_no_insulation,suspended,pitched,double,yes,gas,gas boiler - combi,fire - electric,,,0.0,0.0,0.0,no,no,3839.0,19776.0,11.234,91.97,11530.0,4776.0,0.0,,,yes,no,no,yes,hybrid,none required,11342.4,0.0,1273.0,14.3,3.8,no,,,,,,,,,,,,,,,,,,,,,,,,,,,,,,,,,,,,,,,house_detached_2.0_2.0_0.0
45.0,working full time (>30hrs),professional,"30,001 - 40,000",owner-occupied,8.0,ab,1.0,house,detached,urban,1967 - 1975,e,2.0,2.0,2.0,102.0,4.0,3.0,8.0,2.4,cavity_insulated,suspended,pitched,double,yes,gas,gas boiler - combi,,,,0.0,0.0,0.0,no,no,2772.0,10584.0,6.562,89.38,15875.0,4002.0,181.0,45.0,3.57,yes,no,yes,yes,ashp,none required,11863.76,,835.0,14.3,3.8,yes,ashp,,daikin,edlq07cav5,7.0,r410a,,water_new,200.0,,1.0,9.0,0.0,0.0,none,none,no,0.0,0.0,0.0,no,no,0.0,0.0,,no,5648.0,1752.0,,3053.0,0.0,0.0,0.0,0.0,0.0,0.0,3.0,0.0,house_detached_2.0_2.0_2.0
55.0,unemployed,unemployed/benefits,"12,501 - 16,200",owner-occupied,42.0,de,1.0,house,semi-detached,suburban,1950 - 1966,,2.0,0.0,2.0,94.0,5.0,3.0,11.0,2.4,cavity_insulated,solid,pitched,double,yes,gas,gas boiler - combi,,,,0.0,0.0,1.0,no,no,1617.0,7947.0,5.586,69.84,11237.3,4182.0,616.0,45.0,3.57,yes,no,no,no,ashp,,12989.76,,658.0,14.3,3.8,yes,ashp,,daikin,edlq07cav3,7.0,r410a,,water_new,180.0,,1.0,9.0,9.0,0.0,none,none,no,0.0,0.0,0.0,no,no,0.0,0.0,,no,5648.01,1752.34,,2685.85,0.0,0.0,0.0,0.0,0.0,0.0,2.0,,house_semi-detached_2.0_2.0_0.0
60.0,working full time (>30hrs),professional,"40,001 - 50,000",owner-occupied,24.0,ab,4.0,house,detached,suburban,1930 - 1949,,4.0,0.0,2.0,131.14,6.0,4.0,11.0,2.6,cavity_insulated,suspended,pitched,double,yes,gas,gas boiler - standard,fire - gas,water,150.0,0.0,1.0,1.0,no,no,1583.0,16944.0,10.29,78.54,20629.0,4993.0,218.0,55.0,3.54,yes with additional measures,no,yes,yes,ht_ashp,none required,17251.0,,1112.0,14.3,3.8,yes,ht_ashp,,daikin,epra16dav3,16.0,r32,,water_new,300.0,,1.0,11.0,0.0,0.0,,,no,0.0,0.0,0.0,no,no,0.0,0.0,,no,9687.81,1752.34,,3055.83,,0.0,0.0,0.0,0.0,0.0,4.0,,house_detached_2.0_4.0_0.0
29.0,working full time (>30hrs),professional,"50,001+",owner-occupied,2.0,ab,4.0,house,detached,suburban,2012 onwards,c,2.0,0.0,2.0,90.0,4.0,3.0,11.0,2.3,cavity_insulated,solid,pitched,double,yes,gas,gas boiler - combi,,,,0.0,0.0,1.0,no,yes,2392.0,8609.0,6.14,68.28,6146.0,3196.0,1885.0,45.0,3.26,yes,no,yes,yes,ht_ashp,,13167.32,0.0,491.0,12.9,4.0,yes,ht_ashp,,vaillant,vwl 75/6 a 230v s2,7.0,r290,,water_new,150.0,,1.0,8.0,0.0,0.0,,,no,0.0,0.0,0.0,no,no,0.0,0.0,,no,5789.0,1701.71,,2500.86,0.0,0.0,0.0,0.0,0.0,0.0,4.0,,house_detached_2.0_2.0_0.0
52.0,working full time (>30hrs),professional,"50,001+",owner-occupied,23.0,ab,1.0,house,end-terrace,suburban,1950 - 1966,,2.0,0.0,1.0,50.0,3.0,2.0,6.0,2.4,cavity_no_insulation,suspended,pitched,double,yes,gas,gas - warm air,fire - electric,,,0.0,0.0,0.0,no,no,4321.0,11200.0,3.941,78.79,9553.8,3136.0,461.0,46.0,3.61,yes,no,no,no,ashp,,12249.78,,532.0,14.3,3.8,yes,ashp,,daikin,edlq07cav3,7.0,r410a,,water_new,150.0,,1.0,6.0,5.0,1.0,none,none,no,0.0,0.0,0.0,no,no,0.0,0.0,,no,5648.01,1701.71,,3256.87,0.0,0.0,0.0,0.0,0.0,0.0,2.0,,house_end-terrace_1.0_2.0_0.0
74.0,retired,pensioner,"25,001 - 30,000",owner-occupied,37.0,de,4.0,house,mid-terrace,urban,1950 - 1966,,2.0,0.0,2.0,111.0,6.0,5.0,13.0,2.4,cavity_insulated,suspended,pitched,double,yes,gas,gas boiler - combi,,,,0.0,0.0,1.0,no,no,1418.0,10119.0,8.209,83.52,8571.0,5731.0,0.0,,,no,no,no,yes,hybrid,none required,10245.84,0.0,995.0,14.3,3.8,no,,,,,,,,,,,,,,,,,,,,,,,,,,,,,,,,,,,,,,,house_mid-terrace_2.0_2.0_0.0
55.0,working full time (>30hrs),manager,"50,001+",owner-occupied,24.0,ab,4.0,house,detached,urban,1983 - 1990,,2.0,0.0,2.0,110.0,5.0,4.0,6.0,2.4,cavity_insulated,solid,pitched,double,yes,gas,gas boiler - standard,fire - gas,water,110.0,0.0,1.0,1.0,no,no,5711.0,17064.0,8.01,72.81,16040.5,5609.0,834.0,,,no,no,yes,no,ht_ashp,none required,17904.93,0.0,1099.0,14.3,3.8,yes,,,,,,,,,,,,,,,,,,,,,,,,,,,,,,,,,,,,,,,house_detached_2.0_2.0_0.0
85.0,retired,pensioner,"25,001 - 30,000",owner-occupied,30.0,de,4.0,house,detached,suburban,1983 - 1990,,2.0,0.0,1.0,100.0,5.0,3.0,6.0,2.3,cavity_insulated,suspended,pitched,double,yes,gas,gas boiler - combi,,,,0.0,0.0,0.0,no,no,2492.0,7797.0,5.386,53.86,13051.0,3566.0,0.0,55.0,2.96,yes,no,yes,yes with additional measures,hybrid,loft insulation,9875.86,200.0,654.0,14.3,3.8,yes,hybrid,separate_new boiler,daikin,ehy2komb28aa,4.0,r32,,,,,1.0,8.0,0.0,0.0,none,none,no,0.0,0.0,0.0,no,yes,0.0,0.0,,no,5739.82,,,2500.86,0.0,500.0,0.0,0.0,0.0,0.0,2.0,0.5,house_detached_1.0_2.0_0.0
62.0,retired,pensioner,"16,201 - 20,000",owner-occupied,22.0,de,2.0,house,detached,unknown,1976 - 1982,,2.0,0.0,2.0,68.0,4.0,3.0,4.0,2.38,cavity_insulated,suspended,pitched,double,yes,gas,gas boiler - combi,unknown,,,0.0,0.0,1.0,no,no,3000.0,8500.0,6.34,91.86,14063.0,2692.0,145.0,45.0,3.57,yes,no,yes,yes,ashp,none required,11678.78,,696.0,14.3,3.8,yes,ashp,,daikin,edlq07cav3,7.0,r410a,,water_new,200.0,,1.0,8.0,0.0,0.0,none,none,no,0.0,0.0,0.0,no,no,0.0,0.0,,no,5648.01,1752.34,,2500.86,0.0,0.0,0.0,0.0,0.0,0.0,4.0,0.0,house_detached_2.0_2.0_0.0
80.0,working part time,professional,"20,001 - 25,000",owner-occupied,22.0,c1,3.0,house,detached,suburban,1983 - 1990,c,2.0,0.0,1.0,70.0,4.0,2.0,10.0,2.1,cavity_insulated,suspended,pitched,double,yes,gas,gas boiler - standard,fire - wood,water,110.0,0.0,0.0,1.0,no,no,1900.0,14900.0,6.516,82.7,15748.0,3372.0,506.0,,,yes,no,yes,yes,ashp,none required,12417.96,0.0,918.0,14.3,3.8,no,,,,,,,,,,,,,,,,,,,,,,,,,,,,,,,,,,,,,,,house_detached_1.0_2.0_0.0
27.0,working full time (>30hrs),professional,"16,201 - 20,000",owner-occupied,1.0,c1,4.0,house,end-terrace,urban,1967 - 1975,d,2.0,1.0,2.0,61.0,3.0,2.0,5.0,2.3,cavity_insulated,suspended,pitched,double,yes,gas,gas boiler - combi,,,,0.0,0.0,0.0,no,no,2250.0,7700.0,4.55,84.87,11024.0,2674.0,0.0,55.0,2.96,no,no,no,yes,hybrid,none required,9690.87,,547.0,14.3,3.8,yes,hybrid,separate_new boiler,daikin,ehy2komb28aa,4.0,r32,,,,,1.0,6.0,0.0,0.0,none,none,no,0.0,0.0,0.0,no,no,0.0,0.0,,no,5739.82,,,2315.87,0.0,0.0,0.0,0.0,0.0,0.0,2.0,,house_end-terrace_2.0_2.0_1.0
62.0,working full time (>30hrs),manager,"30,001 - 40,000",owner-occupied,29.0,c1,5.0,house,mid-terrace,urban,1930 - 1949,,1.0,0.0,2.0,69.0,4.0,2.0,7.0,2.5,cavity_insulated,mix,pitched,double,yes,gas,gas boiler - combi,,,,0.0,0.0,1.0,no,no,1300.0,9000.0,6.29,91.17,15244.0,2636.0,0.0,53.0,2.99,no,no,no,yes,hybrid,none required,10245.07,,958.0,14.0,4.0,yes,hybrid,separate_new boiler,daikin,ehy2komb28aa,4.0,r32,,,,,1.0,6.0,0.0,0.0,none,none,no,0.0,0.0,0.0,no,no,0.0,0.0,,no,5739.8,,,2870.0,0.0,0.0,0.0,0.0,0.0,0.0,3.0,0.0,house_mid-terrace_2.0_1.0_0.0
71.0,retired,pensioner,"16,201 - 20,000",owner-occupied,34.0,de,3.0,house,detached,urban,1983 - 1990,,2.0,0.0,2.0,63.0,4.0,3.0,6.0,2.4,cavity_insulated,suspended,pitched,double,yes,gas,gas boiler - standard,fire - gas,water,110.0,0.0,1.0,0.0,no,no,4272.0,21459.0,4.573,72.85,11086.0,4002.0,181.0,,,yes,no,yes,yes,ashp,none required,11678.77,0.0,673.0,14.3,3.8,no,,,,,,,,,,,,,,,,,,,,,,,,,,,,,,,,,,,,,,,house_detached_2.0_2.0_0.0
67.0,retired,pensioner,"50,001+",owner-occupied,28.0,de,1.0,house,semi-detached,urban,1950 - 1966,f,5.0,0.0,2.0,110.0,5.0,3.0,8.0,2.5,cavity_insulated,suspended,pitched,double,yes,gas,gas boiler - combi,fire - gas,,,0.0,2.0,1.0,no,no,9747.0,20067.0,9.416,85.0,18874.0,3566.0,0.0,,,no,no,no,yes with additional measures,hybrid,loft insulation,10233.23,200.0,882.0,14.3,3.8,yes,hybrid,separate_new boiler,daikin,ehy2komb28aa,4.0,r32,,,,,6.0,9.0,0.0,0.0,none,none,no,0.0,0.0,0.0,no,yes,0.0,0.0,,no,5912.2,,,2685.85,0.0,500.0,0.0,0.0,0.0,0.0,2.0,0.5,house_semi-detached_2.0_5.0_0.0
37.0,working full time (>30hrs),professional,"50,001+",owner-occupied,8.0,ab,5.0,house,semi-detached,urban,1950 - 1966,,2.0,1.0,2.0,104.0,5.0,3.0,6.0,2.4,cavity_insulated,suspended,pitched,double,yes,gas,gas boiler - combi,,,,0.0,0.0,0.0,no,no,4565.0,16752.0,7.675,84.81,18594.7,3566.0,0.0,55.0,2.96,no,no,no,yes,hybrid,none required,10060.85,,857.0,14.3,3.8,yes,hybrid,separate_new boiler,daikin,ehy2komb28aa,4.0,r32,,,,,1.0,9.0,0.0,0.0,none,none,no,0.0,0.0,0.0,no,yes,0.0,0.0,,no,5739.82,,,2686.0,0.0,0.0,0.0,0.0,0.0,0.0,3.5,0.0,house_semi-detached_2.0_2.0_1.0
32.0,working full time (>30hrs),professional,"50,001+",owner-occupied,1.0,ab,1.0,house,mid-terrace,urban,1900 - 1929,d,3.0,0.0,2.0,75.4,4.0,3.0,6.0,2.5,cavity_insulated,solid,pitched,double,yes,gas,gas boiler - combi,,,,0.0,0.0,1.0,no,no,1917.0,11402.0,4.62,70.52,9254.0,3820.0,0.0,45.0,3.07,no,no,no,yes with additional measures,hybrid,loft insulation,10060.0,500.0,487.0,14.3,3.8,yes,hybrid,separate_new boiler,daikin,ehy2komb28aa,4.0,r32,,,,,1.0,9.0,0.0,0.0,none,none,no,0.0,0.0,0.0,no,yes,0.0,0.0,,no,5739.82,,,3240.05,0.0,500.0,0.0,0.0,0.0,0.0,2.0,0.5,house_mid-terrace_2.0_3.0_0.0
45.0,working full time (>30hrs),professional,"50,001+",owner-occupied,7.0,ab,3.0,house,semi-detached,suburban,1930 - 1949,d,2.0,2.0,2.0,72.5,5.0,3.0,9.0,2.5,cavity_insulated,suspended,pitched,double,yes,gas,gas boiler - combi,,,,0.0,0.0,1.0,yes - ground loop,yes,3288.0,25593.0,7.496,103.39,15018.0,3566.0,0.0,,,no,no,no,yes,hybrid,none required,11341.0,0.0,685.0,14.3,3.8,no,,,,,,,,,,,,,,,,,,,,,,,,,,,,,,,,,,,,,,,house_semi-detached_2.0_2.0_2.0
65.0,working full time (>30hrs),semi and unskilled manual worker,"0 - 12,500",owner-occupied,25.0,de,3.0,house,end-terrace,urban,1930 - 1949,e,2.0,1.0,2.0,131.0,5.0,3.0,8.0,2.4,cavity_insulated,solid,pitched,double,yes,gas,gas boiler - combi,fire - gas,,,0.0,2.0,1.0,no,no,2390.0,18817.0,9.189,121.58,8919.0,3566.0,0.0,,,no,no,no,yes,hybrid,none required,10060.85,0.0,844.0,14.3,3.8,no,,,,,,,,,,,,,,,,,,,,,,,,,,,,,,,,,,,,,,,house_end-terrace_2.0_2.0_1.0
68.0,working full time (>30hrs),professional,"50,001+",owner-occupied,23.0,ab,1.0,house,semi-detached,suburban,1930 - 1949,e,3.0,0.0,2.0,95.0,5.0,4.0,10.0,2.4,cavity_no_insulation,suspended,pitched,double,yes,gas,gas boiler - standard,,water,126.0,0.0,0.0,1.0,yes - ground loop,yes,6316.0,21187.0,9.618,82.37,19279.0,4062.0,598.0,,,yes,no,yes,yes,ashp,none required,16556.52,0.0,1196.0,14.3,3.8,no,,,,,,,,,,,,,,,,,,,,,,,,,,,,,,,,,,,,,,,house_semi-detached_2.0_3.0_0.0
76.0,working full time (>30hrs),professional,"50,001+",owner-occupied,3.0,ab,3.0,house,semi-detached,urban,1950 - 1966,d,2.0,1.0,2.0,112.0,5.0,3.0,8.0,2.0,solid_no_insulation,suspended,pitched,double,yes,gas,gas boiler - combi,fire - gas,,,0.0,1.0,0.0,no,no,2350.0,14660.0,10.02,89.0,20070.0,3566.0,0.0,,,yes,no,yes,yes,hybrid,none required,10430.83,,913.0,14.3,3.8,yes,hybrid,integrated,sime,sime murelle revolution,4.0,r410a,,,,,1.0,10.0,0.0,0.0,,,no,0.0,0.0,0.0,no,no,0.0,0.0,,no,5200.0,,,5599.97,,0.0,0.0,0.0,0.0,0.0,3.0,,house_semi-detached_2.0_2.0_1.0
76.0,retired,pensioner,"16,201 - 20,000",owner-occupied,25.0,de,1.0,house,semi-detached,urban,1930 - 1949,,2.0,0.0,2.0,105.0,5.0,3.0,7.0,2.6,cavity_insulated,suspended,pitched,double,yes,gas,gas boiler - combi,fire - gas,,,0.0,1.0,1.0,no,no,2562.0,16582.0,7.092,67.0,17043.0,3566.0,0.0,55.0,2.96,yes,no,yes,yes,hybrid,none required,10060.08,,787.0,14.3,3.8,yes,hybrid,separate_new boiler,daikin,ehy2komb28aa,4.0,r32,,,,,4.0,8.0,0.0,0.0,none,none,no,0.0,0.0,0.0,no,no,0.0,0.0,,no,5739.82,,,3239.28,0.0,0.0,0.0,0.0,0.0,0.0,2.0,,house_semi-detached_2.0_2.0_0.0
53.0,working full time (>30hrs),professional,"50,001+",owner-occupied,22.0,ab,5.0,house,semi-detached,urban,1930 - 1949,,3.0,0.0,2.0,90.0,5.0,3.0,8.0,2.6,cavity_insulated,suspended,pitched,double,yes,gas,gas boiler - combi,fire - gas,,,0.0,1.0,1.0,no,no,4457.0,24712.0,7.25,81.46,17447.0,3820.0,0.0,,,yes,no,no,yes,hybrid,planning permisson,10430.0,300.0,786.0,14.3,3.8,no,,,,,,,,,,,,,,,,,,,,,,,,,,,,,,,,,,,,,,,house_semi-detached_2.0_3.0_0.0
38.0,working full time (>30hrs),manager,"50,001+",owner-occupied,4.0,ab,1.0,house,semi-detached,urban,1950 - 1966,c,2.0,2.0,2.0,112.0,6.0,4.0,9.0,2.5,cavity_insulated,solid,pitched,double,yes,gas,gas boiler - standard,fire - wood,water,110.0,0.0,0.0,1.0,no,no,4491.0,13084.0,8.53,86.25,17081.0,4457.0,0.0,55.0,2.96,yes,no,no,yes with additional measures,hybrid,loft insulation,10245.0,700.0,827.0,14.3,3.8,yes,hybrid,separate_new boiler,daikin,ehy2komb28aa,4.0,r32,,,,,1.0,10.0,0.0,0.0,none,none,no,0.0,0.0,0.0,no,yes,0.0,0.0,,no,5739.82,,,2870.84,0.0,0.0,0.0,0.0,0.0,0.0,2.0,,house_semi-detached_2.0_2.0_2.0
47.0,working full time (>30hrs),semi and unskilled manual worker,"30,001 - 40,000",owner-occupied,4.0,de,3.0,house,semi-detached,urban,1930 - 1949,,2.0,2.0,2.0,109.0,6.0,3.0,7.0,2.5,cavity_insulated,suspended,pitched,double,yes,gas,gas boiler - combi,fire - gas,,,0.0,2.0,1.0,no,no,2233.0,21570.0,8.051,83.36,16136.9,3566.0,0.0,,,no,no,no,yes,hybrid,none required,11525.08,0.0,1064.0,14.3,3.8,no,,,,,,,,,,,,,,,,,,,,,,,,,,,,,,,,,,,,,,,house_semi-detached_2.0_2.0_2.0
53.0,working full time (>30hrs),professional,"50,001+",owner-occupied,24.0,ab,3.0,house,semi-detached,urban,1900 - 1929,,4.0,0.0,2.0,140.0,7.0,4.0,8.0,2.6,cavity_insulated,suspended,pitched,double,yes,gas,gas boiler - combi,fire - wood,,,0.0,0.0,0.0,no,no,3649.0,26627.0,4.24,30.5,12509.0,4457.0,0.0,,,no,no,no,yes,hybrid,loft insulation,12006.74,500.0,608.0,14.3,3.8,no,,,,,,,,,,,,,,,,,,,,,,,,,,,,,,,,,,,,,,,house_semi-detached_2.0_4.0_0.0
54.0,working full time (>30hrs),manager,"50,001+",owner-occupied,23.0,ab,3.0,house,semi-detached,urban,1930 - 1949,,2.0,0.0,2.0,94.0,5.0,3.0,7.0,2.4,cavity_insulated,solid,pitched,double,yes,gas,gas boiler - combi,fire - gas,,,1.0,1.0,1.0,no,no,2817.0,19572.0,6.916,72.8,16638.0,3820.0,0.0,,,no,no,no,yes with additional measures,hybrid,loft insulation,10430.0,500.0,796.0,14.3,3.8,yes,hybrid,separate_new boiler,daikin,ehy2komb28aa,4.0,r32,,,,,3.0,9.0,0.0,0.0,none,none,no,0.0,0.0,0.0,no,yes,0.0,0.0,,no,5739.82,,,3055.06,0.0,500.0,0.0,0.0,0.0,0.0,2.5,0.5,house_semi-detached_2.0_2.0_0.0
65.0,retired,pensioner,"0 - 12,500",rented (private),21.0,de,1.0,house,semi-detached,urban,1930 - 1949,,1.0,0.0,2.0,85.0,5.0,2.0,6.0,2.5,cavity_no_insulation,suspended,pitched,double,yes,gas,gas boiler - combi,,,,0.0,0.0,1.0,no,no,1617.0,21110.0,10.61,126.13,9709.4,2674.0,0.0,,,no,no,no,yes,hybrid,loft insulation and wall insulation,10800.04,1500.0,364.0,14.3,3.8,no,,,,,,,,,,,,,,,,,,,,,,,,,,,,,,,,,,,,,,,house_semi-detached_2.0_1.0_0.0
51.0,working full time (>30hrs),professional,prefer not to say,owner-occupied,7.0,ab,1.0,house,semi-detached,urban,1930 - 1949,c,3.0,1.0,2.0,102.0,5.0,3.0,8.0,2.6,cavity_insulated,suspended,pitched,double,yes,gas,gas boiler - combi,,,,0.0,0.0,1.0,no,no,3017.0,13834.0,6.62,67.37,13321.0,4475.0,655.0,,,yes,no,yes,yes,ashp,loft insulation,11863.76,500.0,868.0,14.3,3.8,no,,,,,,,,,,,,,,,,,,,,,,,,,,,,,,,,,,,,,,,house_semi-detached_2.0_3.0_1.0
59.0,working full time (>30hrs),professional,"40,001 - 50,000",owner-occupied,24.0,ab,3.0,house,semi-detached,urban,1930 - 1949,,5.0,0.0,3.0,180.0,8.0,5.0,14.0,2.7,cavity_insulated,suspended,pitched,double,yes,gas,gas boiler - combi,,,,0.0,0.0,1.0,no,no,6895.0,42186.0,13.639,75.77,11135.9,5731.0,0.0,55.0,2.96,no,no,no,yes with additional measures,hybrid,loft insulation,12450.0,500.0,1331.0,14.3,3.8,yes,hybrid,separate_new boiler,daikin,ehy2komb28aa,4.0,r32,,,,,1.0,15.0,0.0,0.0,none,none,no,0.0,0.0,0.0,no,yes,0.0,0.0,,no,5912.2,,,4903.42,0.0,500.0,0.0,0.0,0.0,0.0,4.0,0.5,house_semi-detached_3.0_5.0_0.0
60.0,unemployed,unemployed/benefits,"16,201 - 20,000",owner-occupied,16.0,de,4.0,house,mid-terrace,urban,1950 - 1966,,3.0,0.0,2.0,90.0,5.0,3.0,7.0,2.4,solid_no_insulation,solid,pitched,single,yes,gas,gas boiler - combi,,,,0.0,0.0,0.0,no,no,3500.0,13800.0,11.49,121.18,11882.0,3820.0,0.0,,,no,no,no,yes,hybrid,none required,10060.85,0.0,1264.0,14.3,3.8,no,,,,,,,,,,,,,,,,,,,,,,,,,,,,,,,,,,,,,,,house_mid-terrace_2.0_3.0_0.0
54.0,working full time (>30hrs),professional,"50,001+",owner-occupied,9.0,ab,2.0,house,semi-detached,urban,1950 - 1966,d,2.0,2.0,2.0,111.0,6.0,4.0,10.0,2.5,cavity_insulated,suspended,pitched,double,yes,gas,gas boiler - combi,fire - wood,,,0.0,0.0,1.0,no,no,6969.0,21834.0,8.94,78.76,17910.0,5594.0,818.0,,,no,no,yes,yes,ht_ashp,loft insulation,18545.36,500.0,1219.0,14.3,3.8,no,,,,,,,,,,,,,,,,,,,,,,,,,,,,,,,,,,,,,,,house_semi-detached_2.0_2.0_2.0
58.0,working full time (>30hrs),professional,"40,001 - 50,000",owner-occupied,10.0,ab,4.0,house,semi-detached,urban,1930 - 1949,c,2.0,1.0,2.0,100.0,5.0,3.0,9.0,2.5,cavity_insulated,solid,pitched,double,yes,gas,gas boiler - combi,,,,0.0,0.0,1.0,no,no,3050.0,8760.0,7.921,79.21,15867.0,1910.0,0.0,55.0,2.96,no,no,no,yes,hybrid,none required,10430.0,,678.0,14.3,3.8,yes,hybrid,separate_new boiler,daikin,ehy2komb28aa,4.0,r32,,,,,1.0,11.0,0.0,0.0,none,none,no,0.0,0.0,0.0,no,no,0.0,0.0,,no,5739.82,,,3425.04,0.0,0.0,0.0,0.0,0.0,0.0,2.5,0.0,house_semi-detached_2.0_2.0_1.0
69.0,working part time,professional,"20,001 - 25,000",owner-occupied,10.0,c1,5.0,house,detached,urban,1950 - 1966,,2.0,0.0,2.0,130.0,6.0,4.0,7.0,2.5,cavity_insulated,solid,pitched,double,yes,gas,gas boiler - combi,fire - wood,,,0.0,0.0,1.0,no,no,3805.0,16517.0,9.97,86.61,19992.0,5594.0,818.0,,,no,no,yes,yes,ht_ashp,none required,18360.37,0.0,1240.0,14.3,3.8,no,,,,,,,,,,,,,,,,,,,,,,,,,,,,,,,,,,,,,,,house_detached_2.0_2.0_0.0
67.0,retired,pensioner,"25,001 - 30,000",owner-occupied,35.0,de,1.0,house,detached,urban,1967 - 1975,,1.0,0.0,2.0,123.0,8.0,4.0,11.0,2.4,cavity_insulated,mix,pitched,double,yes,gas,gas boiler - combi,fire - gas,,,0.0,1.0,0.0,no,no,3766.0,12000.0,8.91,73.6,8234.0,4776.0,0.0,,,yes,no,yes,yes,hybrid,none required,10430.83,0.0,1053.0,14.3,3.8,no,,,,,,,,,,,,,,,,,,,,,,,,,,,,,,,,,,,,,,,house_detached_2.0_1.0_0.0
74.0,retired,pensioner,"12,501 - 16,200",owner-occupied,22.0,de,5.0,house,semi-detached,urban,1983 - 1990,,1.0,0.0,1.0,56.0,4.0,2.0,6.0,2.4,cavity_insulated,solid,pitched,double,yes,gas,gas boiler - combi,,,,0.0,0.0,0.0,no,no,4000.0,17000.0,6.016,83.79,14582.0,1910.0,0.0,55.0,2.96,no,no,no,yes,hybrid,none required,9875.86,,641.0,14.3,3.8,yes,hybrid,separate_new boiler,daikin,ehy2komb28aa,4.0,r32,,,,,1.0,8.0,0.0,0.0,none,none,no,0.0,0.0,0.0,no,yes,0.0,0.0,,no,5789.82,,,2500.86,0.0,500.0,0.0,0.0,0.0,0.0,2.5,0.5,house_semi-detached_1.0_1.0_0.0
41.0,working full time (>30hrs),professional,"50,001+",owner-occupied,3.0,ab,5.0,house,semi-detached,urban,1950 - 1966,d,2.0,2.0,2.0,90.0,5.0,3.0,7.0,2.5,cavity_insulated,solid,pitched,double,yes,gas,gas boiler - combi,fire - gas,,,0.0,1.0,1.0,no,no,3368.0,15907.0,5.48,60.88,7270.1,1910.0,0.0,55.0,2.96,no,no,no,yes with additional measures,hybrid,loft insulation,10060.85,500.0,586.0,14.0,4.0,yes,hybrid,separate_new boiler,daikin,ehy2komb28aa,4.0,r32,,,,,1.0,9.0,0.0,0.0,none,none,no,0.0,1.0,0.0,no,yes,0.0,0.0,,no,5739.82,,,2685.85,0.0,500.0,0.0,0.0,0.0,0.0,3.0,0.0,house_semi-detached_2.0_2.0_2.0
54.0,working full time (>30hrs),skilled manual worker,"20,001 - 25,000",owner-occupied,18.0,c2,2.0,house,semi-detached,urban,1950 - 1966,c,2.0,2.0,2.0,85.0,5.0,3.0,8.0,2.4,cavity_insulated,solid,pitched,double,yes,gas,gas boiler - combi,,,,0.0,0.0,1.0,no,no,3497.0,15521.0,4.404,51.81,10673.0,3311.0,0.0,55.0,2.96,no,no,no,yes with additional measures,hybrid,loft insulation,9875.86,300.0,559.0,14.3,3.8,yes,hybrid,separate_new boiler,daikin,ehy2komb28aa,4.0,r32,,,,,1.0,8.0,0.0,0.0,none,none,no,0.0,0.0,0.0,no,yes,0.0,0.0,,no,5739.82,,,2500.86,0.0,500.0,0.0,0.0,0.0,0.0,2.5,0.5,house_semi-detached_2.0_2.0_2.0
57.0,working full time (>30hrs),manager,"40,001 - 50,000",owner-occupied,15.0,ab,3.0,house,detached,urban,1983 - 1990,,2.0,1.0,2.0,153.0,8.0,5.0,9.0,2.4,cavity_insulated,suspended,pitched,double,yes,gas,gas boiler - standard,fire - gas,water,110.0,0.0,1.0,1.0,no,no,3159.0,33524.0,9.396,76.44,18816.8,6183.0,911.0,49.0,3.15,yes with additional measures,no,yes,no,ashp,loft insulation,15633.11,300.0,1322.0,14.3,3.8,yes,ashp,,daikin,edlq014cav3,14.0,r410a,,water_new,300.0,,1.0,14.0,0.0,0.0,none,none,no,0.0,0.0,0.0,no,yes,0.0,0.0,,no,9047.0,1752.0,,4349.22,0.0,500.0,0.0,0.0,0.0,0.0,3.0,0.5,house_detached_2.0_2.0_1.0
72.0,working full time (>30hrs),professional,prefer not to say,owner-occupied,28.0,c1,1.0,house,semi-detached,urban,1930 - 1949,d,2.0,0.0,2.0,131.0,7.0,4.0,9.0,2.7,cavity_insulated,suspended,pitched,double,yes,gas,gas boiler - standard,fire - gas,water,110.0,0.0,1.0,1.0,no,no,3900.0,35191.0,8.762,84.31,17563.0,4776.0,0.0,55.0,2.96,no,no,no,yes,hybrid,none required,10615.05,,859.0,14.3,3.8,yes,hybrid,separate_new boiler,daikin,ehy2komb28aa,4.0,r32,,,,,1.0,10.0,0.0,0.0,none,none,no,0.0,0.0,0.0,no,no,0.0,0.0,,no,5739.82,,,3240.0,0.0,0.0,0.0,0.0,0.0,0.0,3.0,0.0,house_semi-detached_2.0_2.0_0.0
77.0,retired,pensioner,"16,201 - 20,000",owner-occupied,1.0,de,2.0,house,semi-detached,urban,1930 - 1949,e,3.0,0.0,2.0,88.0,5.0,3.0,8.0,2.5,cavity_insulated,suspended,pitched,double,yes,gas,gas boiler - combi,fire - electric,,,0.0,0.0,1.0,no,no,1500.0,13400.0,6.768,87.19,13610.0,3820.0,0.0,55.0,2.96,no,no,no,yes,hybrid,none required,10447.65,,671.0,14.3,3.8,yes,hybrid,separate_new boiler,daikin,ehy2komb28aa,4.0,r32,,,,,1.0,7.0,0.0,1.0,none,none,no,0.0,0.0,0.0,no,no,0.0,0.0,,no,5739.82,,,3072.65,0.0,0.0,0.0,0.0,0.0,0.0,2.5,0.0,house_semi-detached_2.0_3.0_0.0
67.0,retired,pensioner,"16,201 - 20,000",owner-occupied,46.0,de,4.0,house,semi-detached,urban,1950 - 1966,,2.0,0.0,2.0,90.0,5.0,3.0,7.0,2.5,cavity_insulated,solid,pitched,double,yes,gas,gas boiler - combi,fire - electric,,,0.0,0.0,1.0,no,no,3785.0,11382.0,5.029,55.87,12182.0,4475.0,655.0,45.0,3.57,yes,no,yes,yes,ashp,none required,12602.0,,757.0,14.3,3.8,yes,ashp,,daikin,edlq07cav6,7.0,r410a,,water_new,200.0,,1.0,9.0,0.0,0.0,none,none,no,0.0,0.0,0.0,no,no,0.0,0.0,,no,5648.0,1752.0,,3424.0,0.0,0.0,0.0,0.0,0.0,0.0,3.0,0.0,house_semi-detached_2.0_2.0_0.0
62.0,unemployed,unemployed/benefits,"0 - 12,500",owner-occupied,20.0,de,4.0,house,detached,urban,1950 - 1966,,3.0,0.0,2.0,130.0,4.0,3.0,7.0,2.4,cavity_insulated,solid,pitched,double,yes,gas,gas boiler - combi,,,,0.0,0.0,1.0,no,no,2497.0,15320.0,7.683,59.1,18615.0,4776.0,0.0,55.0,2.96,no,no,no,yes,hybrid,none required,10985.0,,906.0,14.3,3.8,yes,hybrid,separate_new boiler,daikin,ehy2komb28aa,4.0,r32,,,,,1.0,12.0,0.0,0.0,none,none,no,0.0,0.0,0.0,no,no,0.0,0.0,,no,5739.82,,,3610.03,0.0,0.0,0.0,0.0,0.0,0.0,2.5,0.0,house_detached_2.0_3.0_0.0
32.0,working full time (>30hrs),professional,"40,001 - 50,000",owner-occupied,0.9,ab,5.0,house,semi-detached,urban,1930 - 1949,d,2.0,0.0,2.0,142.0,8.0,5.0,10.0,2.6,cavity_insulated,suspended,pitched,double,yes,gas,gas boiler - combi,fire - gas,,,0.0,2.0,1.0,no,no,6247.0,18683.0,10.032,70.64,20108.5,6713.0,982.0,62.0,3.09,no,no,yes,no,ht_ashp,none required,17805.4,,1433.0,14.3,3.8,yes,ht_ashp,,daikin,epra16dav3,16.0,r32,,water_new,300.0,,1.0,10.0,0.0,0.0,,,no,0.0,0.0,0.0,no,no,0.0,0.0,,no,9687.81,1752.34,,3609.26,,0.0,0.0,0.0,0.0,0.0,3.0,,house_semi-detached_2.0_2.0_0.0
34.0,working full time (>30hrs),professional,"50,001+",owner-occupied,0.9,ab,1.0,house,semi-detached,urban,1930 - 1949,c,2.0,2.0,3.0,131.0,5.0,3.0,8.0,2.6,cavity_insulated,suspended,pitched,double,yes,gas,gas boiler - combi,,,,0.0,0.0,0.0,no,no,1860.0,13252.0,7.782,65.79,18863.0,3566.0,0.0,52.0,3.0,no,no,no,yes,hybrid,none required,10060.85,,852.0,14.3,3.8,yes,hybrid,separate_new boiler,daikin,ehy2komb28aa,4.0,r32,,,,,1.0,9.0,0.0,0.0,none,none,no,0.0,0.0,0.0,no,no,0.0,0.0,,no,5789.82,,,2685.85,0.0,0.0,0.0,0.0,0.0,0.0,2.5,0.0,house_semi-detached_3.0_2.0_2.0
47.0,working part time,professional,"50,001+",owner-occupied,5.0,c1,5.0,house,semi-detached,urban,1900 - 1929,,2.0,2.0,2.0,108.0,5.0,3.0,8.0,2.7,cavity_insulated,suspended,pitched,double,yes,gas,gas boiler - combi,fire - gas,,,0.0,1.0,1.0,no,no,2497.0,17667.0,7.173,66.42,14361.8,4994.0,0.0,55.0,3.46,no,no,yes,no,ht_ashp,none required,17196.43,,870.0,14.3,3.8,yes,ht_ashp,,daikin,epra14dav3,14.0,r32,,pcm_new,,9.0,1.0,10.0,0.0,0.0,,,no,0.0,0.0,0.0,no,no,0.0,0.0,,no,9047.38,3500.65,,2870.84,,0.0,0.0,0.0,0.0,0.0,3.0,,house_semi-detached_2.0_2.0_2.0
42.0,working full time (>30hrs),professional,"50,001+",owner-occupied,1.0,ab,5.0,house,semi-detached,urban,1930 - 1949,d,2.0,1.0,2.0,86.0,5.0,3.0,8.0,2.5,cavity_insulated,suspended,pitched,double,yes,gas,gas boiler - combi,fire - wood,,,0.0,0.0,1.0,no,no,2865.0,8413.0,6.106,71.0,12242.5,3820.0,0.0,,,no,no,no,yes,hybrid,none required,10799.27,,645.0,14.3,3.8,yes,hybrid,separate_new boiler,daikin,ehy2komb28aa,4.0,r32,,,,,1.0,8.0,0.0,0.0,none,none,no,0.0,0.0,0.0,no,no,0.0,0.0,,no,5739.82,,,3424.27,0.0,0.0,0.0,0.0,0.0,0.0,3.0,0.0,house_semi-detached_2.0_2.0_1.0
49.0,working full time (>30hrs),professional,"50,001+",owner-occupied,4.0,ab,3.0,house,detached,urban,2003 - 2006,,2.0,1.0,2.0,120.0,7.0,4.0,12.0,2.5,cavity_insulated,solid,pitched,double,yes,gas,gas boiler - combi,,,,0.0,0.0,1.0,no,no,3500.0,16810.0,8.308,69.23,20125.0,5594.0,818.0,,,no,no,yes,yes,none - installation not recommended,none required,17251.0,0.0,1260.0,14.3,3.8,,,,,,,,,,,,,,,,,,,,,,,,,,,,,,,,,,,,,,,,house_detached_2.0_2.0_1.0
50.0,working full time (>30hrs),skilled manual worker,"30,001 - 40,000",owner-occupied,3.0,de,1.0,house,semi-detached,urban,1950 - 1966,d,2.0,1.0,1.0,76.0,4.0,3.0,7.0,2.3,cavity_insulated,solid,flat,double,yes,gas,gas boiler - combi,,,,0.0,0.0,0.0,no,no,5265.0,10163.0,8.208,108.0,19897.0,3566.0,0.0,54.0,2.97,no,no,no,yes,hybrid,none required,10233.0,,904.0,14.3,3.8,yes,hybrid,separate_new boiler,daikin,ehy2komb32aa,4.0,r32,,,,,1.0,9.0,0.0,0.0,none,none,no,0.0,0.0,0.0,no,no,0.0,0.0,,no,5912.2,,,2685.85,0.0,0.0,0.0,0.0,0.0,0.0,2.5,0.0,house_semi-detached_1.0_2.0_1.0
40.0,working full time (>30hrs),professional,"30,001 - 40,000",owner-occupied,8.0,ab,3.0,house,semi-detached,urban,1983 - 1990,d,1.0,0.0,2.0,45.0,3.0,1.0,5.0,2.3,cavity_insulated,solid,pitched,double,yes,gas,gas boiler - combi,,,,0.0,0.0,0.0,no,no,2800.0,8000.0,3.01,81.89,4775.0,1757.0,0.0,,,no,no,no,yes,hybrid,none required,9690.87,0.0,364.0,14.3,3.8,no,,,,,,,,,,,,,,,,,,,,,,,,,,,,,,,,,,,,,,,house_semi-detached_2.0_1.0_0.0
27.0,working full time (>30hrs),clerical,"20,001 - 25,000",owner-occupied,0.9,c1,1.0,house,semi-detached,urban,1930 - 1949,c,2.0,0.0,2.0,122.0,5.0,3.0,6.0,2.4,cavity_insulated,solid,pitched,double,yes,gas,gas boiler - combi,,,,0.0,0.0,1.0,no,no,2900.0,12000.0,6.257,79.52,15161.2,3515.0,0.0,55.0,2.96,no,no,no,yes,hybrid,none required,10615.05,,726.0,14.3,3.8,yes,hybrid,separate_new boiler,daikin,ehy2komb28aa,4.0,r32,,,,,1.0,10.0,0.0,0.0,none,none,no,0.0,0.0,0.0,no,no,0.0,0.0,,no,5739.82,,,3240.05,0.0,0.0,0.0,0.0,0.0,0.0,3.0,0.0,house_semi-detached_2.0_2.0_0.0
53.0,working full time (>30hrs),supervisor,"50,001+",owner-occupied,19.0,c1,5.0,house,semi-detached,urban,1967 - 1975,,2.0,2.0,2.0,80.0,5.0,3.0,7.0,2.3,cavity_insulated,solid,pitched,double,yes,gas,gas boiler - combi,,,,0.0,0.0,0.0,no,no,5936.0,9369.0,4.7,58.71,11376.1,4122.0,607.0,45.0,3.57,yes with additional measures,no,yes,no,ashp,loft insulation,12047.98,500.0,760.0,14.0,4.0,yes,ashp,,daikin,edlq07cav8,7.0,r410a,,water_new,200.0,,1.0,8.0,0.0,0.0,none,none,no,0.0,0.0,0.0,no,yes,0.0,0.0,,no,5648.01,1752.0,,2870.07,0.0,500.0,0.0,0.0,0.0,0.0,3.0,0.0,house_semi-detached_2.0_2.0_2.0
30.0,working full time (>30hrs),professional,"50,001+",owner-occupied,4.0,c1,2.0,house,semi-detached,urban,1967 - 1975,d,2.0,0.0,2.0,88.0,4.0,3.0,6.0,2.4,cavity_insulated,suspended,pitched,double,yes,gas,gas boiler - combi,,,,0.0,0.0,0.0,no,no,3186.0,20404.0,5.749,65.33,16712.6,3311.0,0.0,55.0,2.96,no,no,no,yes,hybrid,none required,10971.65,,771.0,14.3,3.8,yes,hybrid,separate_new boiler,daikin,ehy2komb32aa,4.0,r32,,,,,1.0,9.0,0.0,0.0,none,none,no,0.0,0.0,0.0,no,no,0.0,0.0,,no,5912.2,,,3424.27,0.0,0.0,0.0,0.0,0.0,0.0,3.0,0.0,house_semi-detached_2.0_2.0_0.0
30.0,working full time (>30hrs),professional,"50,001+",owner-occupied,6.0,ab,4.0,house,semi-detached,urban,1967 - 1975,d,2.0,2.0,2.0,92.0,5.0,3.0,7.0,2.5,cavity_insulated,suspended,pitched,double,yes,gas,gas boiler - combi,fire - gas,,,0.0,1.0,0.0,no,no,2520.0,11481.0,5.956,64.74,11934.0,4737.0,917.0,48.0,3.44,yes,no,yes,no,ashp,none required,12232.98,,828.0,14.3,3.8,yes,ashp,,daikin,edlq07cav8,7.0,r410a,,water_new,200.0,,1.0,9.0,0.0,0.0,none,none,no,0.0,0.0,0.0,no,no,0.0,0.0,,no,5628.01,1752.0,,3055.06,0.0,0.0,0.0,0.0,0.0,0.0,2.5,0.0,house_semi-detached_2.0_2.0_2.0
42.0,working full time (>30hrs),professional,"50,001+",owner-occupied,10.0,ab,5.0,house,semi-detached,urban,1950 - 1966,d,2.0,3.0,2.0,91.0,5.0,3.0,8.0,2.4,cavity_insulated,solid,pitched,double,yes,gas,gas boiler - combi,,,,0.0,0.0,1.0,no,no,4000.0,10000.0,5.172,68.0,10353.1,4002.0,181.0,48.0,3.44,yes,no,yes,yes,ashp,none required,12602.18,,630.0,14.3,3.8,yes,ashp,,daikin,edlq07cav7,7.0,r410a,,water_new,250.0,,1.0,9.0,0.0,0.0,none,none,no,0.0,1.0,0.0,no,no,0.0,0.0,,no,5648.0,1752.34,,3424.0,0.0,0.0,0.0,0.0,0.0,0.0,3.0,0.5,house_semi-detached_2.0_2.0_3.0
49.0,working full time (>30hrs),manager,"40,001 - 50,000",owner-occupied,8.0,c1,1.0,house,detached,urban,1930 - 1949,d,2.0,0.0,2.0,130.0,5.0,3.0,8.0,2.6,cavity_no_insulation,suspended,pitched,double,yes,gas,gas boiler - combi,fire - wood,,,0.0,0.0,1.0,no,no,3000.0,23000.0,8.472,77.54,17022.0,4182.0,616.0,49.0,3.24,yes with additional measures,no,yes,yes,ashp,loft insulation,12449.97,1000.0,1059.0,14.3,3.8,yes,ashp,,daikin,edlq011cav3,11.0,r410a,,water_new,200.0,,1.0,9.0,0.0,0.0,none,none,no,0.0,2.0,0.0,no,yes,0.0,0.0,,no,6364.2,1752.0,,3055.0,0.0,500.0,0.0,0.0,0.0,0.0,2.0,0.5,house_detached_2.0_2.0_0.0
63.0,retired,pensioner,"30,001 - 40,000",owner-occupied,34.0,de,2.0,house,detached,urban,1967 - 1975,,4.0,0.0,2.0,90.0,6.0,3.0,9.0,2.3,cavity_insulated,suspended,pitched,double,yes,gas,gas boiler - standard,fire - gas,water,110.0,0.0,1.0,0.0,no,no,4456.0,18970.0,7.176,79.73,14426.0,4038.0,218.0,50.0,3.2,yes with additional measures,no,yes,yes,ashp,loft insulation,13503.37,300.0,850.0,14.3,3.8,yes,ashp,,daikin,edlq011cav3,11.0,r410a,,water_new,300.0,,1.0,10.0,0.0,0.0,none,none,no,0.0,0.0,0.0,no,yes,0.0,0.0,,no,6364.2,1752.0,,3610.0,0.0,500.0,0.0,0.0,0.0,0.0,3.0,0.5,house_detached_2.0_4.0_0.0
45.0,working full time (>30hrs),professional,"50,001+",owner-occupied,13.0,c1,1.0,house,end-terrace,urban,1950 - 1966,,2.0,2.0,2.0,90.0,5.0,3.0,7.0,2.4,cavity_insulated,solid,pitched,double,yes,gas,gas boiler - combi,,,,0.0,0.0,1.0,no,no,7000.0,10000.0,6.02,71.59,14582.1,3311.0,0.0,55.0,2.96,no,no,no,yes,hybrid,none required,10060.85,,697.0,14.3,3.8,yes,hybrid,separate_new boiler,daikin,ehy2komb28aa,4.0,r32,,,,,1.0,9.0,0.0,0.0,none,none,no,0.0,0.0,0.0,no,no,0.0,0.0,,no,5739.82,,,2685.85,0.0,0.0,0.0,0.0,0.0,0.0,3.0,0.0,house_end-terrace_2.0_2.0_2.0
35.0,working full time (>30hrs),professional,"30,001 - 40,000",owner-occupied,1.0,c1,3.0,house,semi-detached,urban,1950 - 1966,d,2.0,0.0,2.0,116.0,5.0,3.0,9.0,2.4,cavity_insulated,solid,pitched,double,yes,gas,gas boiler - combi,fire - gas,,,0.0,1.0,1.0,no,no,3085.0,21000.0,7.972,68.72,15982.7,4475.0,853.0,49.0,3.24,yes with additional measures,no,no,yes,ashp,loft insulation,13319.15,500.0,1026.0,14.3,3.8,yes,ashp,,daikin,edlq011cav3,11.0,r410a,,water_new,200.0,,1.0,11.0,0.0,0.0,none,none,no,0.0,0.0,0.0,no,yes,0.0,0.0,,no,6364.21,1752.0,,3425.04,0.0,500.0,0.0,0.0,0.0,0.0,3.0,0.5,house_semi-detached_2.0_2.0_0.0
76.0,retired,pensioner,"30,001 - 40,000",owner-occupied,37.0,de,5.0,house,detached,urban,1900 - 1929,,1.0,0.0,2.0,92.0,5.0,3.0,8.0,2.7,solid_no_insulation,mix,pitched,double,yes,gas,gas boiler - combi,fire - gas,,,0.0,1.0,1.0,no,no,1279.0,16704.0,10.58,114.96,21259.8,3515.0,0.0,,,no,no,no,yes,hybrid,none required,10430.06,,1453.0,14.3,3.8,yes,hybrid,separate_new boiler,daikin,ehy2komb28aa,4.0,r32,,,,,1.0,9.0,0.0,0.0,none,none,no,0.0,1.0,1.0,no,no,0.0,0.0,,no,5739.82,,,3055.0,0.0,0.0,0.0,0.0,0.0,0.0,2.0,0.0,house_detached_2.0_1.0_0.0
41.0,working full time (>30hrs),professional,"50,001+",owner-occupied,3.0,ab,3.0,house,semi-detached,urban,1967 - 1975,c,2.0,0.0,2.0,107.0,7.0,4.0,12.0,2.3,cavity_insulated,solid,pitched,double,yes,gas,gas boiler - combi,,,,0.0,0.0,1.0,no,no,2370.0,20000.0,5.92159,58.65,14348.0,4122.0,607.0,,,yes,no,yes,yes,ashp,none required,13711.35,0.0,894.0,14.3,3.8,no,,,,,,,,,,,,,,,,,,,,,,,,,,,,,,,,,,,,,,,house_semi-detached_2.0_2.0_0.0
68.0,retired,pensioner,"20,001 - 25,000",owner-occupied,12.0,de,2.0,house,semi-detached,urban,1967 - 1975,,2.0,0.0,2.0,76.0,4.0,2.0,5.0,2.3,cavity_insulated,solid,pitched,double,yes,gas,gas boiler - combi,,,,0.0,0.0,1.0,no,no,2200.0,11000.0,6.717,88.38,16278.2,1732.0,0.0,,,no,no,no,yes,hybrid,none required,10429.29,,1043.0,14.3,3.8,yes,hybrid,separate_new boiler,daikin,ehy2komb28aa,4.0,r32,,,,,1.0,7.0,0.0,0.0,none,none,no,0.0,0.0,1.0,no,no,0.0,0.0,,no,5739.82,,,3035.29,0.0,0.0,0.0,0.0,0.0,0.0,2.0,0.0,house_semi-detached_2.0_2.0_0.0
57.0,working full time (>30hrs),professional,"50,001+",owner-occupied,19.0,ab,5.0,house,detached,urban,1991 - 1995,,2.0,0.0,2.0,152.0,8.0,4.0,13.0,2.3,cavity_insulated,suspended,pitched,double,yes,gas,gas boiler - combi,fire - gas,,,0.0,1.0,1.0,no,no,5000.0,19000.0,9.17,60.32,8899.9,4139.0,0.0,55.0,2.96,no,no,no,yes,hybrid,none required,10800.81,,866.0,14.3,3.8,yes,hybrid,separate_new boiler,daikin,ehy2komb28aa,4.0,r32,,,,,1.0,13.0,0.0,0.0,none,none,no,0.0,0.0,0.0,no,no,0.0,0.0,,no,5739.0,,,3425.0,0.0,0.0,0.0,0.0,0.0,0.0,2.5,0.0,house_detached_2.0_2.0_0.0
70.0,working part time,clerical,"30,001 - 40,000",owner-occupied,13.0,c1,3.0,house,semi-detached,urban,1930 - 1949,,2.0,0.0,1.0,85.0,5.0,3.0,7.0,2.5,cavity_insulated,suspended,pitched,double,yes,gas,gas boiler - combi,fire - wood,,,0.0,0.0,0.0,no,no,4300.0,7800.0,7.065,83.12,14151.1,3311.0,0.0,55.0,2.96,no,no,no,yes,hybrid,none required,10060.85,,671.0,14.3,3.8,yes,hybrid,separate_new boiler,daikin,ehy2komb28aa,4.0,r32,,,,,1.0,9.0,0.0,0.0,none,none,no,0.0,0.0,0.0,no,no,0.0,0.0,,no,5739.82,,,2685.85,0.0,0.0,0.0,0.0,0.0,0.0,3.0,0.0,house_semi-detached_1.0_2.0_0.0
49.0,working full time (>30hrs),manager,"25,001 - 30,000",owner-occupied,14.0,c1,3.0,house,semi-detached,urban,1930 - 1949,,2.0,3.0,2.0,110.0,6.0,3.0,8.0,2.3,cavity_insulated,suspended,pitched,double,yes,gas,gas boiler - combi,fire - wood,,,0.0,0.0,1.0,no,no,3000.0,13000.0,7.57929,72.18,15192.2,3311.0,0.0,,,no,no,no,yes,hybrid,loft insulation,10060.85,500.0,980.0,14.3,3.8,no,,,,,,,,,,,,,,,,,,,,,,,,,,,,,,,,,,,,,,,house_semi-detached_2.0_2.0_3.0
69.0,working part time,skilled manual worker,"16,201 - 20,000",owner-occupied,40.0,c2,1.0,house,detached,urban,1950 - 1966,,2.0,0.0,2.0,78.0,5.0,3.0,8.0,2.4,cavity_insulated,suspended,pitched,double,yes,gas,gas boiler - combi,fire - gas,,,0.0,1.0,1.0,no,no,5214.0,15977.0,5.957,76.37,14437.3,3311.0,0.0,55.0,2.96,no,no,no,yes with additional measures,hybrid,loft insulation,9690.87,500.0,698.0,14.3,3.8,yes,hybrid,separate_new boiler,daikin,ehy2komb28aa,4.0,r32,,,,,1.0,7.0,0.0,0.0,none,none,no,0.0,0.0,0.0,no,yes,0.0,0.0,,no,5739.82,,,2315.87,0.0,500.0,0.0,0.0,0.0,0.0,2.5,0.5,house_detached_2.0_2.0_0.0
32.0,working full time (>30hrs),manager,"30,001 - 40,000",owner-occupied,6.0,c1,4.0,house,semi-detached,urban,1967 - 1975,c,2.0,1.0,2.0,95.0,6.0,3.0,7.0,2.4,cavity_insulated,solid,pitched,double,yes,gas,gas boiler - combi,,,,0.0,0.0,0.0,no,no,4384.0,10910.0,6.046,76.4,14644.2,3820.0,0.0,,,no,no,no,yes,hybrid,barrier,9690.87,300.0,733.0,14.3,3.8,yes,hybrid,separate_new boiler,daikin,ehy2komb28aa,4.0,r32,,,,,1.0,7.0,0.0,0.0,none,none,no,0.0,0.0,0.0,no,yes,0.0,0.0,,no,5739.82,,,2315.87,0.0,500.0,0.0,0.0,0.0,0.0,4.0,0.0,house_semi-detached_2.0_2.0_1.0
33.0,working full time (>30hrs),professional,"50,001+",owner-occupied,3.0,ab,5.0,house,semi-detached,urban,1930 - 1949,,2.0,0.0,2.0,93.0,5.0,3.0,8.0,2.7,solid_no_insulation,solid,pitched,double,yes,gas,gas boiler - combi,,,,0.0,0.0,1.0,no,no,1750.0,16000.0,6.57,70.65,13211.4,3566.0,0.0,53.0,2.99,no,no,no,yes,hybrid,none required,10048.24,,838.0,14.3,3.8,yes,hybrid,separate_new boiler,daikin,ehy2komb32aa,4.0,r32,,,,,1.0,8.0,0.0,0.0,none,none,no,0.0,0.0,0.0,no,no,0.0,0.0,,no,5912.0,,,2501.0,0.0,0.0,0.0,0.0,0.0,0.0,2.5,0.0,house_semi-detached_2.0_2.0_0.0
44.0,working full time (>30hrs),supervisor,"50,001+",owner-occupied,9.0,c1,1.0,house,detached,urban,1983 - 1990,c,2.0,2.0,2.0,110.0,5.0,3.0,9.0,2.4,cavity_insulated,solid,pitched,double,yes,gas,gas boiler - combi,,,,0.0,0.0,0.0,no,no,3100.0,12000.0,7.2489,65.89,17560.6,4002.0,0.0,,,no,no,no,yes with additional measures,hybrid,loft insulation,10615.05,500.0,840.0,14.3,3.8,yes,hybrid,separate_new boiler,daikin,ehy2komb28aa,4.0,r32,,,,,1.0,10.0,0.0,0.0,none,none,no,0.0,0.0,0.0,no,yes,0.0,0.0,,no,5739.82,,,3240.0,0.0,500.0,0.0,0.0,0.0,0.0,3.0,0.5,house_detached_2.0_2.0_2.0
41.0,working full time (>30hrs),skilled manual worker,"50,001+",owner-occupied,2.0,c1,4.0,house,detached,urban,1983 - 1990,c,2.0,2.0,2.0,106.0,7.0,4.0,10.0,2.3,cavity_insulated,solid,pitched,double,yes,gas,gas boiler - combi,fire - gas,,,0.0,1.0,0.0,no,no,10000.0,24000.0,7.43926,80.86,18036.3,4122.0,607.0,,,no,no,yes,yes,ht_ashp,none required,15974.19,0.0,1237.0,14.3,3.8,no,,,,,,,,,,,,,,,,,,,,,,,,,,,,,,,,,,,,,,,house_detached_2.0_2.0_2.0
42.0,working full time (>30hrs),skilled manual worker,"50,001+",owner-occupied,14.0,c2,1.0,house,end-terrace,urban,1983 - 1990,d,3.0,2.0,2.0,93.0,5.0,3.0,7.0,2.4,cavity_insulated,solid,pitched,double,yes,gas,gas boiler - combi,fire - wood,,,0.0,0.0,1.0,no,no,6300.0,16500.0,6.63176,78.02,13283.6,3464.0,0.0,,,no,no,no,yes,hybrid,loft insulation,10799.27,500.0,891.0,14.3,3.8,no,,,,,,,,,,,,,,,,,,,,,,,,,,,,,,,,,,,,,,,house_end-terrace_2.0_3.0_2.0
33.0,working full time (>30hrs),professional,"50,001+",owner-occupied,5.0,ab,4.0,house,semi-detached,urban,1950 - 1966,c,2.0,2.0,2.0,99.0,5.0,3.0,8.0,2.6,cavity_insulated,suspended,pitched,double,yes,gas,gas boiler - combi,fire - gas,,,0.0,1.0,0.0,no,no,4760.0,17000.0,7.18,72.54,14382.5,5153.0,759.0,50.0,3.2,yes with additional measures,no,no,yes,ashp,loft insulation,13134.93,500.0,1023.0,14.3,3.8,yes,ashp,,daikin,edlq011cav3,11.0,r410a,,water_new,250.0,,1.0,12.0,0.0,0.0,none,none,no,0.0,1.0,0.0,no,yes,0.0,0.0,,no,6364.21,1752.0,,3240.82,0.0,500.0,0.0,0.0,0.0,0.0,2.0,0.5,house_semi-detached_2.0_2.0_2.0
41.0,working full time (>30hrs),manager,"50,001+",owner-occupied,2.0,ab,3.0,house,semi-detached,urban,1950 - 1966,d,2.0,2.0,2.0,142.0,8.0,5.0,11.0,2.4,cavity_no_insulation,suspended,pitched,double,yes,gas,gas boiler - combi,fire - wood,,,0.0,0.0,1.0,no,no,4500.0,17500.0,12.283,86.5,12782.2,5272.0,0.0,55.0,2.96,no,no,no,yes,hybrid,loft insulation,11157.41,500.0,1414.0,14.3,3.8,yes,hybrid,separate_new boiler,daikin,ehy2komb32aa,4.0,r32,,,,,1.0,12.0,0.0,0.0,none,none,no,0.0,0.0,0.0,no,yes,0.0,0.0,,no,5912.2,,,3610.03,0.0,500.0,0.0,0.0,0.0,0.0,3.0,0.5,house_semi-detached_2.0_2.0_2.0
37.0,working full time (>30hrs),skilled manual worker,"40,001 - 50,000",owner-occupied,0.9,c2,1.0,house,semi-detached,urban,1950 - 1966,c,2.0,2.0,2.0,95.0,5.0,3.0,7.0,2.4,cavity_insulated,suspended,pitched,double,yes,gas,gas boiler - standard,,water,110.0,0.0,0.0,1.0,no,no,1149.0,21375.0,7.69,80.97,18636.2,3820.0,0.0,,,no,no,no,yes,hybrid,none required,11353.47,,1311.0,14.0,4.0,yes,hybrid,separate_new boiler,daikin,ehy2komb28aa,4.0,r32,,,,,1.0,9.0,0.0,0.0,none,none,no,0.0,0.0,0.0,no,no,0.0,0.0,,no,5739.82,,,3978.47,0.0,0.0,0.0,0.0,0.0,0.0,3.0,0.0,house_semi-detached_2.0_2.0_2.0
29.0,working full time (>30hrs),professional,"50,001+",owner-occupied,3.0,c1,2.0,house,mid-terrace,urban,1950 - 1966,d,2.0,0.0,2.0,66.0,4.0,2.0,6.0,2.3,cavity_insulated,solid,pitched,double,yes,gas,gas boiler - combi,,,,0.0,0.0,1.0,no,no,1506.0,14565.0,4.5,68.2,9022.8,2636.0,0.0,50.0,3.02,no,no,no,yes with additional measures,hybrid,loft insulation barrier,9690.87,800.0,509.0,14.0,4.0,yes,hybrid,separate_new boiler,daikin,ehy2komb28aa,4.0,r32,,,,,1.0,6.0,0.0,0.0,none,enclosure,no,0.0,0.0,0.0,no,yes,0.0,0.0,,no,5739.82,,,2315.0,0.0,500.0,0.0,0.0,0.0,0.0,2.5,0.0,house_mid-terrace_2.0_2.0_0.0
40.0,working full time (>30hrs),manager,"50,001+",owner-occupied,10.0,c1,3.0,house,semi-detached,urban,1967 - 1975,d,2.0,2.0,2.0,99.0,4.0,3.0,7.0,2.4,cavity_no_insulation,solid,pitched,double,yes,gas,gas boiler - combi,fire - gas,,,0.0,1.0,1.0,no,no,4934.0,14901.0,6.648,71.31,13322.1,3566.0,0.0,55.0,2.96,no,no,no,yes with additional measures,hybrid,loft insulation cavity insulation,10430.83,1200.0,651.0,14.3,3.8,yes,hybrid,separate_new boiler,daikin,ehy2komb28aa,4.0,r32,,,,,1.0,11.0,0.0,0.0,none,none,no,0.0,0.0,0.0,no,yes,0.0,0.0,cavity,no,5739.82,,,3424.0,0.0,500.0,1000.0,0.0,0.0,0.0,3.5,2.0,house_semi-detached_2.0_2.0_2.0
48.0,working full time (>30hrs),skilled manual worker,"50,001+",owner-occupied,5.0,c2,5.0,house,semi-detached,urban,1967 - 1975,e,2.0,2.0,2.0,141.0,5.0,3.0,10.0,2.6,cavity_no_insulation,suspended,pitched,double,yes,gas,gas boiler - combi,fire - gas,,,0.0,2.0,1.0,no,no,4908.0,21059.0,8.95,76.54,17949.2,4122.0,607.0,49.0,3.15,yes,no,yes,yes,ashp,,16904.12,0.0,1119.0,14.3,3.8,yes,ashp,,daikin,edlq014cav3,14.0,r410a,,water_new,200.0,,1.0,14.0,0.0,0.0,,,no,0.0,0.0,0.0,yes,yes,0.0,0.0,,no,7677.36,1752.34,,4718.43,,500.0,0.0,0.0,0.0,0.0,3.0,,house_semi-detached_2.0_2.0_2.0
61.0,working full time (>30hrs),skilled manual worker,"20,001 - 25,000",owner-occupied,17.0,c2,1.0,house,semi-detached,urban,1983 - 1990,,3.0,0.0,2.0,100.0,5.0,3.0,5.0,2.3,cavity_insulated,solid,pitched,double,yes,gas,gas boiler - combi,,,,0.0,0.0,1.0,no,no,3886.0,13800.0,5.09,50.92,12348.3,4122.0,607.0,50.0,3.35,yes with additional measures,no,yes,no,ashp,loft insulation barrier,11863.76,800.0,832.0,14.0,4.0,yes,ashp,,daikin,edlq07cav4,7.0,r410a,,water_new,200.0,,1.0,9.0,0.0,0.0,none,enclosure,no,0.0,0.0,0.0,no,yes,0.0,0.0,,no,5648.01,1752.0,,2685.85,0.0,500.0,0.0,0.0,0.0,0.0,3.0,0.5,house_semi-detached_2.0_3.0_0.0
64.0,working full time (>30hrs),professional,"50,001+",owner-occupied,12.0,ab,5.0,house,detached,urban,1996 - 2002,,3.0,0.0,2.0,110.0,6.0,3.0,10.0,2.4,cavity_insulated,solid,pitched,double,yes,gas,gas boiler - combi,fire - gas,,,0.0,1.0,1.0,no,no,6000.0,36000.0,7.63,69.36,17204.5,4122.0,0.0,,,yes with additional measures,no,yes,yes,ashp,loft insulation,13151.75,500.0,1024.0,14.3,3.8,no,,,,,,,,,,,,,,,,,,,,,,,,,,,,,,,,,,,,,,,house_detached_2.0_3.0_0.0
51.0,working part time,clerical,"12,501 - 16,200",owner-occupied,11.0,c1,3.0,house,semi-detached,urban,1967 - 1975,d,2.0,0.0,2.0,104.0,5.0,3.0,9.0,2.5,cavity_insulated,suspended,pitched,double,yes,gas,gas boiler - combi,,,,0.0,0.0,1.0,no,no,1700.0,11300.0,7.56,72.7,13966.5,3820.0,0.0,50.0,3.02,no,no,no,yes,hybrid,barrier,10800.04,300.0,890.0,14.0,4.0,yes,hybrid,separate_new boiler,daikin,ehy2komb28aa,4.0,r32,,,,,1.0,11.0,0.0,0.0,none,enclosure,no,0.0,2.0,0.0,no,no,0.0,0.0,,no,5739.82,,,3424.0,0.0,0.0,0.0,0.0,0.0,0.0,3.5,0.0,house_semi-detached_2.0_2.0_0.0
45.0,working full time (>30hrs),professional,"50,001+",owner-occupied,20.0,c1,5.0,house,semi-detached,urban,1967 - 1975,c,2.0,0.0,2.0,74.0,3.0,2.0,6.0,2.6,cavity_insulated,suspended,pitched,double,yes,gas,gas boiler - combi,,,,0.0,0.0,0.0,no,no,2315.0,12314.0,4.32,58.4,8656.5,2636.0,0.0,50.0,3.02,no,no,no,yes with additional measures,hybrid,loft insulation,10799.27,500.0,490.0,14.0,4.0,yes,hybrid,separate_new boiler,daikin,ehy2komb28aa,4.0,r32,,,,,1.0,7.0,0.0,0.0,none,none,no,0.0,0.0,0.0,no,yes,0.0,0.0,,no,5739.82,,,3424.27,0.0,500.0,0.0,0.0,0.0,0.0,2.0,0.5,house_semi-detached_2.0_2.0_0.0
42.0,working full time (>30hrs),professional,"25,001 - 30,000",owner-occupied,3.0,c1,4.0,house,semi-detached,urban,1950 - 1966,c,2.0,1.0,2.0,99.0,5.0,3.0,7.0,2.4,cavity_insulated,solid,pitched,double,yes,gas,gas boiler - combi,fire - electric,,,0.0,0.0,1.0,no,no,1856.0,11313.0,5.15,50.02,12472.4,4122.0,655.0,45.0,3.57,yes,no,yes,no,ashp,barrier,12047.98,300.0,804.0,14.0,4.0,yes,ashp,,daikin,edlq07cav7,7.0,r410a,,water_new,200.0,,1.0,8.0,0.0,0.0,none,enclosure,no,0.0,0.0,0.0,no,no,0.0,0.0,,no,5648.0,1752.01,,2870.07,0.0,0.0,0.0,0.0,0.0,0.0,3.0,0.0,house_semi-detached_2.0_2.0_1.0
47.0,working part time,manager,"30,001 - 40,000",owner-occupied,11.0,c1,2.0,house,semi-detached,urban,1930 - 1949,,2.0,0.0,2.0,90.0,5.0,3.0,8.0,2.7,cavity_insulated,suspended,pitched,double,yes,gas,gas boiler - combi,fire - wood,,,0.0,0.0,1.0,no,no,1500.0,19000.0,7.954,88.37,15982.8,3464.0,0.0,,,no,no,no,yes,hybrid,none required,10615.05,,1090.0,14.3,3.8,yes,hybrid,separate_new boiler,daikin,ehy2komb28aa,4.0,r32,,,,,1.0,10.0,0.0,0.0,none,none,no,0.0,1.0,1.0,no,yes,0.0,0.0,,no,5739.82,,,3240.05,0.0,500.0,0.0,0.0,0.0,0.0,2.0,0.5,house_semi-detached_2.0_2.0_0.0
69.0,retired,pensioner,"50,001+",owner-occupied,4.0,de,2.0,house,detached,urban,1950 - 1966,c,2.0,0.0,2.0,92.0,5.0,3.0,8.0,2.4,cavity_insulated,mix,pitched,double,yes,gas,gas boiler - combi,fire - gas,,,1.0,1.0,1.0,no,no,4500.0,14000.0,8.24,89.52,16550.2,4122.0,607.0,50.0,3.2,yes,no,yes,no,ashp,none required,14241.8,,1044.0,14.3,3.8,yes,ashp,,daikin,edlq011cav3,11.0,r410a,,water_new,200.0,,1.0,12.0,0.0,0.0,none,none,no,0.0,0.0,0.0,no,no,0.0,0.0,,no,6364.2,1752.0,,5087.0,0.0,0.0,0.0,0.0,0.0,0.0,3.0,0.0,house_detached_2.0_2.0_0.0
49.0,working full time (>30hrs),professional,"30,001 - 40,000",owner-occupied,17.0,c1,1.0,house,semi-detached,urban,1983 - 1990,,1.0,0.0,2.0,68.0,4.0,3.0,6.0,2.4,cavity_insulated,suspended,pitched,single,yes,gas,gas boiler - combi,,,,0.0,0.0,1.0,no,no,3050.0,9176.0,5.014,73.74,10044.6,3566.0,0.0,49.0,3.03,no,no,no,yes,hybrid,none required,10799.27,,596.0,14.3,3.8,yes,hybrid,separate_new boiler,daikin,ehy2komb28aa,4.0,r32,,,,,1.0,9.0,0.0,0.0,none,none,no,0.0,0.0,0.0,no,no,0.0,0.0,,no,5739.8,,,3424.27,0.0,0.0,0.0,0.0,0.0,0.0,2.5,0.0,house_semi-detached_2.0_1.0_0.0
59.0,working full time (>30hrs),skilled manual worker,"50,001+",owner-occupied,5.0,c2,5.0,house,detached,urban,1983 - 1990,c,3.0,0.0,2.0,117.0,8.0,4.0,14.0,2.3,cavity_insulated,solid,pitched,double,yes,gas,gas boiler - combi,,,,0.0,0.0,1.0,no,no,4000.0,21000.0,9.45,80.79,18932.5,4166.0,181.0,,,no,no,yes,no,ht_ashp,none required,18348.0,0.0,1098.0,14.3,3.8,yes,,,,,,,,,,,,,,,,,,,,,,,,,,,,,,,,,,,,,,,house_detached_2.0_3.0_0.0
32.0,working full time (>30hrs),manager,"40,001 - 50,000",owner-occupied,3.0,c1,3.0,house,semi-detached,urban,1950 - 1966,e,2.0,1.0,2.0,90.0,5.0,3.0,9.0,2.3,cavity_insulated,solid,pitched,double,yes,gas,gas boiler - standard,fire - gas,water,150.0,0.0,1.0,0.0,no,no,4405.0,18000.0,6.686,74.29,13399.2,3566.0,0.0,52.0,3.0,no,no,no,yes,hybrid,loft insulation,10615.05,500.0,836.0,14.3,3.8,yes,hybrid,separate_new boiler,daikin,ehy2komb28aa,4.0,r32,,,,,1.0,10.0,0.0,0.0,none,none,no,0.0,1.0,0.0,no,yes,0.0,0.0,,no,5739.82,,,3240.07,0.0,500.0,0.0,0.0,0.0,0.0,2.0,1.0,house_semi-detached_2.0_2.0_1.0
63.0,working full time (>30hrs),skilled manual worker,"30,001 - 40,000",owner-occupied,0.9,c2,2.0,house,semi-detached,urban,1950 - 1966,d,1.0,0.0,1.0,85.0,4.0,2.0,7.0,2.6,cavity_insulated,suspended,pitched,double,yes,gas,gas boiler - combi,fire - gas,,,0.0,1.0,1.0,no,no,1976.0,14600.0,5.637,66.32,11297.8,2674.0,0.0,49.0,3.03,no,no,no,yes,hybrid,loft insulation,10232.46,500.0,637.0,14.3,3.8,yes,hybrid,separate_new boiler,daikin,ehy2komb32aa,4.0,r32,,,,,1.0,7.0,0.0,0.0,none,none,no,0.0,0.0,0.0,no,yes,0.0,0.0,,no,5912.2,,,2685.0,0.0,500.0,0.0,0.0,0.0,0.0,3.0,0.5,house_semi-detached_1.0_1.0_0.0
57.0,working full time (>30hrs),skilled manual worker,"50,001+",owner-occupied,30.0,c2,2.0,house,detached,urban,1967 - 1975,,2.0,0.0,2.0,80.0,4.0,3.0,8.0,2.4,cavity_insulated,suspended,pitched,double,yes,gas,gas boiler - combi,,,,0.0,0.0,1.0,no,no,3058.0,10144.0,5.51,68.81,13339.1,4475.0,655.0,49.0,3.39,yes,no,yes,no,ashp,none required,11678.78,,883.0,14.3,3.8,yes,ashp,,daikin,edlq07cav3,7.0,r410a,,water_new,200.0,,1.0,8.0,0.0,0.0,none,none,no,0.0,0.0,0.0,no,no,0.0,0.0,,no,5648.01,1752.0,,2501.0,0.0,0.0,0.0,0.0,0.0,0.0,3.0,0.0,house_detached_2.0_2.0_0.0
35.0,working full time (>30hrs),skilled manual worker,"50,001+",owner-occupied,3.0,c2,5.0,house,detached,urban,1983 - 1990,d,2.0,2.0,2.0,127.0,6.0,4.0,11.0,2.4,cavity_insulated,solid,pitched,double,yes,gas,gas boiler - standard,,water,150.0,0.0,0.0,0.0,no,no,3300.0,24000.0,9.024,78.94,21862.9,3820.0,0.0,55.0,2.96,no,no,no,yes,hybrid,none required,10973.0,,1527.0,14.3,3.8,yes,hybrid,separate_new boiler,daikin,ehy2komb32aa,4.0,r32,,,,,1.0,13.0,0.0,0.0,none,none,no,0.0,0.0,0.0,no,yes,0.0,0.0,,no,5912.2,,,3425.81,0.0,0.0,0.0,0.0,0.0,0.0,3.0,0.0,house_detached_2.0_2.0_2.0
43.0,working full time (>30hrs),manager,"50,001+",owner-occupied,16.0,ab,5.0,house,semi-detached,urban,1983 - 1990,,2.0,1.0,2.0,90.0,5.0,3.0,9.0,2.3,cavity_insulated,suspended,pitched,double,yes,gas,gas boiler - standard,,water,150.0,1.0,0.0,0.0,no,no,4900.0,7700.0,5.669,81.24,11389.0,4122.0,607.0,,,yes,no,yes,yes,ashp,none required,11678.77,0.0,785.0,14.3,3.8,no,,,,,,,,,,,,,,,,,,,,,,,,,,,,,,,,,,,,,,,house_semi-detached_2.0_2.0_1.0
59.0,working part time,skilled manual worker,"20,001 - 25,000",owner-occupied,7.0,c2,1.0,house,semi-detached,urban,1983 - 1990,c,1.0,0.0,1.0,54.0,3.0,2.0,7.0,2.3,cavity_insulated,suspended,pitched,double,yes,gas,gas boiler - combi,,,,0.0,0.0,0.0,no,no,1100.0,6000.0,3.57,66.04,8645.9,2636.0,0.0,50.0,3.02,no,no,no,yes with additional measures,hybrid,loft insulation,9690.87,500.0,522.0,14.3,3.8,yes,hybrid,separate_new boiler,daikin,ehy2komb28aa,4.0,r32,,,,,1.0,8.0,0.0,0.0,none,barrier,no,0.0,0.0,0.0,no,yes,0.0,0.0,,no,5739.82,,,2501.0,0.0,500.0,0.0,0.0,0.0,0.0,2.0,0.5,house_semi-detached_1.0_1.0_0.0
37.0,working full time (>30hrs),professional,"50,001+",owner-occupied,8.0,c1,5.0,house,semi-detached,urban,1930 - 1949,,2.0,1.0,2.0,96.0,5.0,3.0,7.0,2.5,cavity_insulated,suspended,pitched,double,yes,gas,gas boiler - combi,fire - electric,,,0.0,0.0,1.0,no,no,4460.0,19446.0,6.29,65.52,15244.0,3566.0,0.0,,,no,no,no,yes,hybrid,barrier,9505.88,300.0,1055.0,14.3,3.8,yes,hybrid,separate_new boiler,daikin,ehy2komb28aa,4.0,r32,,,,,1.0,7.0,0.0,0.0,none,barrier,no,0.0,0.0,0.0,no,no,0.0,0.0,,no,5739.0,,,2316.0,0.0,0.0,0.0,0.0,0.0,0.0,2.5,0.0,house_semi-detached_2.0_2.0_1.0
72.0,working full time (>30hrs),professional,"40,001 - 50,000",owner-occupied,7.0,c1,5.0,house,detached,urban,1983 - 1990,d,2.0,0.0,2.0,131.0,6.0,4.0,11.0,2.4,cavity_insulated,suspended,pitched,double,yes,gas,gas boiler - combi,,,,0.0,0.0,1.0,no,no,4449.0,20714.0,8.504,64.92,20601.1,5225.0,768.0,49.0,3.2,yes,no,yes,yes,ashp,cavity insulation,15909.11,700.0,1305.0,14.3,3.8,yes,ashp,,daikin,edlq016cav3,16.0,r410a,,water_new,250.0,,1.0,13.0,0.0,0.0,none,none,no,0.0,0.0,0.0,no,no,0.0,0.0,cavity,no,8214.98,1752.0,,4164.23,0.0,0.0,750.0,0.0,0.0,0.0,4.0,0.5,house_detached_2.0_2.0_0.0
44.0,working full time (>30hrs),manager,"50,001+",owner-occupied,2.0,c1,3.0,house,detached,urban,1967 - 1975,d,2.0,2.0,2.0,116.0,6.0,4.0,8.0,2.4,cavity_insulated,suspended,pitched,double,yes,gas,gas boiler - combi,,,,0.0,0.0,0.0,no,no,3934.0,15245.0,8.09,69.74,16233.3,4994.0,0.0,56.0,3.47,no,no,yes,no,ht_ashp,none required,18119.84,,929.0,14.3,3.8,yes,ht_ashp,,daikin,epra14dav3,14.0,r32,,pcm_new,,9.0,1.0,11.0,0.0,0.0,,,no,0.0,0.0,0.0,yes,no,0.0,0.0,,no,9047.38,3500.65,,3794.25,,0.0,0.0,0.0,0.0,0.0,3.0,,house_detached_2.0_2.0_2.0
64.0,working full time (>30hrs),manager,"30,001 - 40,000",owner-occupied,25.0,c1,4.0,house,mid-terrace,urban,1950 - 1966,,2.0,0.0,2.0,87.0,6.0,3.0,7.0,2.5,cavity_insulated,suspended,pitched,double,yes,gas,gas boiler - combi,,,,0.0,0.0,1.0,no,no,3600.0,24000.0,5.684,61.78,7990.4,3515.0,0.0,50.0,3.02,no,no,no,yes,hybrid,loft insulation,10060.85,500.0,560.0,14.3,3.8,yes,hybrid,separate_new boiler,daikin,ejha04aav3,4.0,r32,,,,,1.0,9.0,0.0,0.0,,,no,0.0,0.0,0.0,no,yes,0.0,0.0,,no,5739.82,,,2685.85,,500.0,0.0,0.0,0.0,0.0,3.0,,house_mid-terrace_2.0_2.0_0.0
65.0,retired,pensioner,"16,201 - 20,000",owner-occupied,10.0,de,1.0,house,semi-detached,urban,1950 - 1966,c,1.0,0.0,1.0,97.0,5.0,2.0,9.0,2.6,cavity_insulated,suspended,pitched,double,yes,gas,gas boiler - combi,,,,0.0,0.0,0.0,no,no,1749.0,12275.0,7.02,76.7,8382.7,2865.0,0.0,55.0,2.96,no,no,no,yes,hybrid,barrier,10868.48,300.0,346.0,14.3,3.8,yes,hybrid,separate_new boiler,daikin,ejha04aav3,4.0,r32,,,,,1.0,9.0,0.0,0.0,,,no,0.0,0.0,0.0,no,no,0.0,0.0,,no,5739.82,,,3793.48,,0.0,0.0,0.0,0.0,0.0,2.0,,house_semi-detached_1.0_1.0_0.0
62.0,retired,pensioner,"40,001 - 50,000",owner-occupied,17.0,de,1.0,house,detached,suburban,1965-1980,,2.0,0.0,1.0,102.62,4.0,3.0,5.0,2.41,cavity_insulated,solid,pitched,double,yes,gas,gas - warm air,fire - wood,water,100.0,0.0,1.0,1.0,yes - borehole,yes,6885.0,14433.0,5.51,61.15,11690.0,2696.92,3203.0,50.0,3.43,yes,no,no,no,ashp,heat emitters,13259.15,4824.02,580.0,12.0,5.0,yes,ashp,,daikin,erga08dva,8.0,r32,,water_new,130.0,,1.0,0.0,6.0,0.0,,,no,0.0,0.0,0.0,no,no,0.0,0.0,,no,6294.93,1147.34,6479.84,5065.22,0.0,0.0,0.0,0.0,0.0,0.0,15.5,6.0,house_detached_1.0_2.0_0.0
36.0,working full time (>30hrs),semi and unskilled manual worker,"40,001 - 50,000",owner-occupied,6.0,c2,4.0,house,semi-detached,suburban,1919-1944,e,2.0,2.0,2.0,97.5,5.0,3.0,5.0,2.53,solid_no_insulation,suspended,pitched,double,yes,gas,gas boiler - standard,fire - wood,water,140.0,0.0,0.0,0.0,yes - borehole,yes,6300.0,22831.0,5.26,53.76,14964.81,4745.0,1049.78,45.0,3.56,yes,no,yes,yes,ashp,,10655.0,0.0,936.3,14.0,5.0,yes,ashp,,daikin,edlq07cv3,7.0,r410a,,water_new,200.0,,1.0,0.0,0.0,0.0,,,no,0.0,0.0,0.0,no,no,0.0,0.0,,no,5564.44,1792.59,3153.01,0.0,0.0,0.0,0.0,0.0,0.0,0.0,4.0,0.0,house_semi-detached_2.0_2.0_2.0
